rank,feature,mean_abs_shap,mean_shap,positive_shap_pct_nonzero,negative_shap_pct_nonzero,zero_shap_pct,direction_consistency_pct,direction_consistency_label,mean_feature_value,median_feature_value,overall_direction
1,total_activity_8,0.5971627831459045,-0.28649988770484924,10.489999999999998,89.51,0.0,89.51,Strongly consistent,682.317815,412.95000000000005,Negative average contribution
2,voice_rech_recency_8,0.4499737322330475,-0.249856635928154,50.980000000000004,49.02,0.0,50.980000000000004,Mixed,5.4675,4.0,Negative average contribution
3,last_day_rch_amt_8,0.3696657121181488,-0.15451516211032867,34.65,65.35,0.0,65.35,Moderately consistent,60.6724,30.0,Negative average contribution
4,total_ic_mou_8,0.31464412808418274,-0.1767873913049698,12.120000000000001,87.88,0.0,87.88,Strongly consistent,196.68391699999998,113.425,Negative average contribution
5,roam_og_mou_8,0.2679661512374878,-0.12128349393606186,13.91,86.09,0.0,86.09,Strongly consistent,9.443675,0.0,Negative average contribution
6,total_activity_pct_change_7_to_8,0.2579612731933594,-0.04101553186774254,22.13,77.86999999999999,0.0,77.86999999999999,Strongly consistent,5.0782570217203435,-0.0296725950017562,Negative average contribution
7,total_ic_mou_min_6_8,0.25753095746040344,-0.13261093199253082,27.089999999999996,72.91,0.0,72.91,Moderately consistent,130.889608,67.735,Negative average contribution
8,spl_ic_mou_8,0.14317567646503448,-0.07112447172403336,88.08,11.92,0.0,88.08,Strongly consistent,0.037939,0.0,Negative average contribution
9,aon,0.13978713750839233,-0.04850649833679199,31.840000000000003,68.16,0.0,68.16,Moderately consistent,1222.9923,861.0,Negative average contribution
10,total_voice_mou_8,0.1022486463189125,-0.07887505739927292,9.39,90.61,0.0,90.61,Strongly consistent,503.936916,309.94,Negative average contribution
11,roam_ic_mou_8,0.09414523839950562,-0.037704240530729294,14.17,85.83,0.0,85.83,Strongly consistent,6.0656,0.0,Negative average contribution
12,arpu_std_6_8,0.07134833931922913,-0.025312649086117744,34.0,66.0,0.0,66.0,Moderately consistent,94.11618508245378,63.339920127595605,Negative average contribution
13,loc_ic_t2m_mou_8,0.059729620814323425,-0.039763323962688446,34.63,65.36999999999999,0.0,65.36999999999999,Moderately consistent,104.44311300000001,58.135000000000005,Negative average contribution
14,std_ic_t2f_mou_8,0.05848351866006851,-0.031798262149095535,79.88,20.119999999999997,0.0,79.88,Strongly consistent,2.1030029999999997,0.0,Negative average contribution
15,total_rech_num_8,0.058126844465732574,0.026521777734160423,56.010000000000005,43.99,0.0,56.010000000000005,Mixed,7.226,5.0,Positive average contribution
16,max_rech_amt_7,0.05399225279688835,-0.011021945625543594,48.0,52.0,0.0,52.0,Mixed,103.712,110.0,Negative average contribution
17,max_rech_amt_8,0.05196511745452881,-0.01711644046008587,54.76,45.24,0.0,54.76,Mixed,105.1437,86.0,Negative average contribution
18,loc_ic_mou_change_6_to_8,0.05110620707273483,-0.03127720579504967,25.080000000000002,74.92,0.0,74.92,Moderately consistent,-1.8863850000000013,0.2849999999999966,Negative average contribution
19,std_ic_mou_std_6_8,0.0455816425383091,0.003712564008310437,61.44,38.56,0.0,61.44,Moderately consistent,15.954981999023145,5.04109996815069,Positive average contribution
20,vol_3g_mb_8,0.04361811652779579,-0.01542184129357338,84.91,15.09,0.0,84.91,Strongly consistent,131.652298,0.0,Negative average contribution
21,roam_og_mou_change_6_to_8,0.042437586933374405,-0.022227371111512184,11.459999999999999,88.53999999999999,0.0,88.53999999999999,Strongly consistent,-3.3618770000000002,0.0,Negative average contribution
22,ic_others_8,0.04206114262342453,-0.018436968326568604,77.23,22.770000000000003,0.0,77.23,Strongly consistent,0.8377040000000001,0.0,Negative average contribution
23,total_ic_mou_pct_change_7_to_8,0.04134838283061981,-0.021890906617045403,19.919999999999998,80.08,0.0,80.08,Strongly consistent,0.9741124100294952,-0.0375458633341609,Negative average contribution
24,isd_ic_mou_8,0.040491167455911636,0.004672387149184942,11.18,88.82,0.0,88.82,Strongly consistent,6.870472,0.0,Positive average contribution
25,loc_ic_mou_8,0.039834216237068176,-0.022698557004332542,36.77,63.23,0.0,63.23,Moderately consistent,161.119618,93.72,Negative average contribution
26,loc_ic_t2f_mou_6,0.038748107850551605,-0.014243933372199535,50.18,49.82,0.0,50.18,Mixed,11.464653,0.88,Negative average contribution
27,recharge_count_std_6_8,0.036293309181928635,-0.0037694182246923447,32.05,67.95,0.0,67.95,Moderately consistent,2.4580137264350364,1.699673171197595,Negative average contribution
28,roam_og_mou_7,0.0354146771132946,0.014751940965652466,86.36,13.639999999999999,0.0,86.36,Strongly consistent,9.990413,0.0,Positive average contribution
29,recharge_count_min_6_8,0.033818092197179794,0.007458107080310583,50.28,49.72,0.0,50.28,Mixed,4.7097,3.0,Positive average contribution
30,total_activity_6,0.0336703360080719,-0.012962056323885918,8.41,91.59,0.0,91.59,Strongly consistent,679.458083,415.96000000000004,Negative average contribution
31,arpu_avg_6_8,0.03161393105983734,0.0033881973940879107,50.71,49.29,0.0,50.71,Mixed,277.2314067,196.71316666666667,Positive average contribution
32,loc_og_t2f_mou_8,0.031564392149448395,-0.020894130691885948,51.470000000000006,48.53,0.0,51.470000000000006,Mixed,3.4896190000000002,0.0,Negative average contribution
33,vol_2g_mb_8,0.029381079599261284,-0.008824008516967297,78.86999999999999,21.13,0.0,78.86999999999999,Strongly consistent,46.728601,0.0,Negative average contribution
34,loc_og_mou_8,0.028283385559916496,-0.012729058973491192,53.16,46.839999999999996,0.0,53.16,Mixed,134.756427,63.41,Negative average contribution
35,total_og_mou_pct_change_7_to_8,0.027164410799741745,0.018233096227049828,81.76,18.240000000000002,0.0,81.76,Strongly consistent,4.121495783390464,-0.0489124079055081,Positive average contribution
36,spl_og_mou_7,0.026956865563988686,-0.0010153459152206779,41.91,58.089999999999996,0.0,58.089999999999996,Mixed,4.992442,0.0,Negative average contribution
37,loc_og_t2f_mou_6,0.026433495804667473,-0.009512346237897873,61.62,38.379999999999995,0.0,61.62,Moderately consistent,3.7336699999999996,0.0,Negative average contribution
38,total_activity_change_7_to_8,0.026322897523641586,-0.012726068496704102,26.72,73.28,0.0,73.28,Moderately consistent,-10.151464,0.0,Negative average contribution
39,voice_rech_recency_7,0.025756677612662315,0.0013773755636066198,54.92,45.08,0.0,54.92,Mixed,5.5886,4.0,Positive average contribution
40,loc_ic_t2f_mou_8,0.025206787511706352,-0.012740833684802055,42.0,57.99999999999999,0.0,57.99999999999999,Mixed,10.900443,0.91,Negative average contribution
41,arpu_min_6_8,0.025178855285048485,-0.012553294189274311,16.009999999999998,83.99,0.0,83.99,Strongly consistent,174.0469566,105.79849999999999,Negative average contribution
42,total_ic_mou_change_6_to_8,0.0234941765666008,-0.006456336937844753,22.63,77.37,0.0,77.37,Strongly consistent,-3.2451090000000007,0.0,Negative average contribution
43,std_ic_mou_pct_change_7_to_8,0.02322254702448845,-0.0084963608533144,25.89,74.11,0.0,74.11,Moderately consistent,1.9526307125846092,-0.2321986318923232,Negative average contribution
44,std_og_mou_8,0.022894684225320816,-0.006963942665606737,32.32,67.67999999999999,0.0,67.67999999999999,Moderately consistent,171.119783,10.41,Negative average contribution
45,arpu_8,0.02288670837879181,0.005256871692836285,46.98,53.02,0.0,53.02,Mixed,276.6624936,190.418,Positive average contribution
46,std_ic_t2f_mou_6,0.022816458716988564,0.004624641500413418,18.57,81.43,0.0,81.43,Strongly consistent,1.972258,0.0,Positive average contribution
47,total_rech_num_7,0.022233393043279648,-0.003022347344085574,22.830000000000002,77.17,0.0,77.17,Strongly consistent,7.6854,6.0,Negative average contribution
48,onnet_mou_8,0.021453438326716423,-0.003895045490935445,52.43,47.57,0.0,52.43,Mixed,128.595144,31.98,Negative average contribution
49,loc_ic_mou_change_7_to_8,0.02121962048113346,-0.015901489183306694,13.08,86.92,0.0,86.92,Strongly consistent,-2.3972450000000003,0.0,Negative average contribution
50,recharge_value_per_transaction_8,0.02096615545451641,-0.00010150564048672095,58.269999999999996,41.730000000000004,0.0,58.269999999999996,Mixed,53.731332780124724,36.42857142857143,Negative average contribution
51,loc_og_t2m_mou_8,0.02050875313580036,0.00961523037403822,69.6,30.4,0.0,69.6,Moderately consistent,87.726325,40.33,Positive average contribution
52,std_og_mou_change_7_to_8,0.019847383722662926,-0.00355994189158082,34.94,65.06,0.0,65.06,Moderately consistent,-1.8400490000000003,0.0,Negative average contribution
53,total_activity_pct_change_6_to_8,0.019616875797510147,0.000874077610205859,38.92,61.08,0.0,61.08,Moderately consistent,9.375661939350618,-0.0448224994108044,Positive average contribution
54,recharge_num_change_6_to_8,0.018496492877602577,-0.0035474486649036407,33.31,66.69,0.0,66.69,Moderately consistent,-0.2895,0.0,Negative average contribution
55,loc_ic_mou_pct_change_7_to_8,0.018386399373412132,-0.010132876224815845,21.68,78.32000000000001,0.0,78.32000000000001,Strongly consistent,0.8158097707871068,-0.0193620140538901,Negative average contribution
56,loc_ic_mou_min_6_8,0.018249984830617905,-0.007978012785315514,29.99,70.00999999999999,0.0,70.00999999999999,Moderately consistent,110.644974,54.66,Negative average contribution
57,total_og_mou_std_6_8,0.01805252395570278,-0.00215747207403183,46.27,53.73,0.0,53.73,Mixed,115.83667652829638,52.26308389438274,Negative average contribution
58,std_ic_mou_change_7_to_8,0.017739959061145782,-0.004236237145960331,38.56,61.44,0.0,61.44,Moderately consistent,-0.4497340000000001,0.0,Negative average contribution
59,std_ic_mou_change_6_to_8,0.017733899876475334,-0.00430939020588994,31.14,68.86,0.0,68.86,Moderately consistent,2.192703,0.0,Negative average contribution
60,std_og_t2t_mou_8,0.01753402315080166,-0.0017324915388599038,37.04,62.96000000000001,0.0,62.96000000000001,Moderately consistent,80.62643999999999,0.0,Negative average contribution
61,loc_og_mou_pct_change_6_to_8,0.017490917816758156,-0.006081186700612307,50.44,49.559999999999995,0.0,50.44,Mixed,2.0166164776738484,-0.0605449195457992,Negative average contribution
62,recharge_amount_std_6_8,0.01747122034430504,-0.006570426747202873,37.230000000000004,62.77,0.0,62.77,Moderately consistent,121.95404328553258,83.73503097828203,Negative average contribution
63,std_og_t2m_mou_6,0.016812637448310852,-0.00595818879082799,46.25,53.75,0.0,53.75,Mixed,86.52370900000001,3.96,Negative average contribution
64,total_ic_mou_pct_change_6_to_8,0.01669149287045002,-0.00786170456558466,29.98,70.02000000000001,0.0,70.02000000000001,Moderately consistent,2.9966433020843555,-0.048973712639539,Negative average contribution
65,voice_rech_recency_8_high_flag,0.016377002000808716,-0.005484511144459248,44.18,55.82,0.0,55.82,Mixed,0.4443,0.0,Negative average contribution
66,loc_og_t2t_mou_8,0.016043609008193016,-0.001519273268058896,42.41,57.589999999999996,0.0,57.589999999999996,Mixed,42.913328,11.76,Negative average contribution
67,total_ic_mou_change_7_to_8,0.01600773073732853,-0.003382152644917369,29.98,70.02000000000001,0.0,70.02000000000001,Moderately consistent,-4.4602070000000005,0.0,Negative average contribution
68,loc_og_mou_min_6_8,0.015701686963438988,0.005524247419089079,61.68,38.32,0.0,61.68,Moderately consistent,90.13864699999999,31.91,Positive average contribution
69,offnet_mou_8,0.015669533982872963,0.0008285698131658137,49.14,50.86000000000001,0.0,50.86000000000001,Mixed,193.092581,91.63,Positive average contribution
70,total_voice_mou_6,0.01565985381603241,-0.0077286590822041035,16.0,84.0,0.0,84.0,Strongly consistent,505.656951,315.42,Negative average contribution
71,total_voice_mou_7,0.015638768672943115,-0.00837448425590992,20.349999999999998,79.65,0.0,79.65,Strongly consistent,512.8661109999999,316.53,Negative average contribution
72,total_activity_7,0.015588458627462387,-0.008112645708024502,12.78,87.22,0.0,87.22,Strongly consistent,692.469279,425.405,Negative average contribution
73,arpu_recent_vs_baseline,0.015427304431796074,0.0011439615627750754,47.12,52.88,0.0,52.88,Mixed,-0.5689130999999998,-3.946000000000005,Positive average contribution
74,arpu_change_7_to_8,0.01531125046312809,-0.0022829766385257244,27.73,72.27,0.0,72.27,Moderately consistent,2.3905480000000003,0.0,Negative average contribution
75,std_ic_t2t_mou_8,0.015094883739948273,0.001198822632431984,25.71,74.29,0.0,74.29,Moderately consistent,10.285782,0.0,Positive average contribution
76,loc_ic_t2t_mou_8,0.015018614009022713,-0.008028985001146793,26.169999999999998,73.83,0.0,73.83,Moderately consistent,44.74655,16.04,Negative average contribution
77,total_ic_mou_7,0.013881638646125793,-0.0014248747611418366,20.549999999999997,79.45,0.0,79.45,Strongly consistent,201.14412400000003,115.785,Negative average contribution
78,loc_og_t2f_mou_7,0.013810626231133938,-0.0023561168927699327,63.68000000000001,36.32,0.0,63.68000000000001,Moderately consistent,3.7473339999999995,0.0,Negative average contribution
79,roam_og_mou_std_6_8,0.013809232972562313,-0.006247705779969692,28.060000000000002,71.94,0.0,71.94,Moderately consistent,9.45136295409831,0.0,Negative average contribution
80,arpu_change_6_to_8,0.013547686859965324,0.00180225376971066,37.230000000000004,62.77,0.0,62.77,Moderately consistent,-4.0972873000000005,-1.3279999999999887,Positive average contribution
81,total_activity_change_6_to_8,0.013382376171648502,-0.0034696406219154596,30.18,69.82000000000001,0.0,69.82000000000001,Moderately consistent,2.859731999999998,0.0,Negative average contribution
82,loc_ic_t2f_mou_7,0.013148837722837925,0.001659556059166789,58.28,41.72,0.0,58.28,Mixed,12.0880625,0.905,Positive average contribution
83,std_og_mou_6,0.013019148260354996,-0.00442942138761282,36.77,63.23,0.0,63.23,Moderately consistent,164.65280800000002,11.64,Negative average contribution
84,loc_ic_mou_std_6_8,0.012951848097145557,-0.0007201925618574023,47.03,52.96999999999999,0.0,52.96999999999999,Mixed,46.88705174930428,25.936039704541543,Negative average contribution
85,recharge_num_pct_change_6_to_8,0.0128676388412714,-0.0017556905513629317,29.160000000000004,70.84,0.0,70.84,Moderately consistent,0.38660177348045077,-0.0769230769230769,Negative average contribution
86,roam_ic_mou_change_6_to_8,0.012713465839624405,0.0038639723788946867,73.24000000000001,26.76,0.0,73.24000000000001,Moderately consistent,-2.6896989999999996,0.0,Positive average contribution
87,loc_og_mou_change_6_to_8,0.012540609575808048,-0.007243380881845951,31.59,68.41000000000001,0.0,68.41000000000001,Moderately consistent,-3.6266010000000004,0.0,Negative average contribution
88,recharge_amt_pct_change_7_to_8,0.01252344623208046,-0.0023812889121472836,35.77,64.23,0.0,64.23,Moderately consistent,0.2642441320250335,-0.0188679245283018,Negative average contribution
89,loc_og_mou_change_7_to_8,0.012416258454322815,0.004865278489887714,66.31,33.69,0.0,66.31,Moderately consistent,-1.6636309999999999,0.0,Positive average contribution
90,std_ic_mou_pct_change_6_to_8,0.012409506365656853,-0.0016076809260994196,31.230000000000004,68.77,0.0,68.77,Moderately consistent,3.8139330014473365,-0.2764112131492341,Negative average contribution
91,vol_2g_mb_pct_change_6_to_8,0.012369225732982159,-0.006387620698660612,42.22,57.78,0.0,57.78,Mixed,18.365726223941273,-0.588925372814451,Negative average contribution
92,total_og_mou_8,0.01229921169579029,-0.005734351463615894,34.01,65.99000000000001,0.0,65.99000000000001,Moderately consistent,307.25299900000005,135.675,Negative average contribution
93,total_og_mou_7,0.01220391783863306,-0.001977866282686591,35.709999999999994,64.29,0.0,64.29,Moderately consistent,311.721987,139.91,Negative average contribution
94,arpu_pct_change_7_to_8,0.011847825720906258,0.006743467878550291,75.07000000000001,24.93,0.0,75.07000000000001,Strongly consistent,22.661486638620246,-0.0147663861630591,Positive average contribution
95,total_og_mou_pct_change_6_to_8,0.011785559356212616,-0.008384568616747856,27.55,72.45,0.0,72.45,Moderately consistent,9.055837359780542,-0.0864115286649873,Negative average contribution
96,recharge_count_recent_vs_baseline_pct,0.011744266375899315,-0.00233820010907948,38.379999999999995,61.62,0.0,61.62,Moderately consistent,-0.0644764215161738,-0.0769230769230768,Negative average contribution
97,last_day_rch_amt_7,0.011609354987740517,-0.000771608087234199,47.47,52.53,0.0,52.53,Mixed,58.7788,30.0,Negative average contribution
98,loc_og_t2m_mou_7,0.01153438352048397,-0.0009301757090725005,53.010000000000005,46.989999999999995,0.0,53.010000000000005,Mixed,88.53139399999999,40.29,Negative average contribution
99,loc_ic_t2t_mou_7,0.011488480493426323,0.0003428213531151414,49.91,50.09,0.0,50.09,Mixed,46.107174,15.63,Positive average contribution
100,loc_og_mou_pct_change_7_to_8,0.011393004097044468,0.001884731464087963,60.519999999999996,39.48,0.0,60.519999999999996,Moderately consistent,1.6069603603045548,-0.0402439134340378,Positive average contribution
101,loc_og_t2c_mou_8,0.011236108839511871,-0.0002589093055576086,10.82,89.18,0.0,89.18,Strongly consistent,1.394391,0.0,Negative average contribution
102,loc_ic_t2m_mou_7,0.011192784644663334,-0.004421922378242016,39.36,60.64000000000001,0.0,60.64000000000001,Moderately consistent,104.142523,56.68,Negative average contribution
103,roam_ic_mou_std_6_8,0.01111594308167696,0.005492925178259611,79.77,20.23,0.0,79.77,Strongly consistent,6.400552677305505,0.0,Positive average contribution
104,total_og_mou_change_7_to_8,0.011108623817563057,-0.003851882182061672,40.63,59.37,0.0,59.37,Mixed,-4.468987999999999,0.0,Negative average contribution
105,std_og_mou_pct_change_6_to_8,0.010347944684326649,-0.005392584949731827,29.37,70.63000000000001,0.0,70.63000000000001,Moderately consistent,7.476861852726857,-0.2537938142143711,Negative average contribution
106,total_og_mou_change_6_to_8,0.010284218937158585,-0.002893364755436778,37.32,62.68,0.0,62.68,Moderately consistent,1.5250739999999998,-0.10000000000000425,Negative average contribution
107,total_rech_data_8,0.010279681533575058,-0.005608017090708017,88.92999999999999,11.07,0.0,88.92999999999999,Strongly consistent,1.4263,1.0,Negative average contribution
108,total_rech_amt_8,0.009884227998554707,-0.0023199126590043306,42.65,57.35,0.0,57.35,Mixed,319.8185,220.0,Negative average contribution
109,loc_ic_t2t_mou_6,0.009867414832115173,-0.0014324896037578583,42.49,57.50999999999999,0.0,57.50999999999999,Mixed,45.955709000000006,15.68,Negative average contribution
110,loc_ic_t2m_mou_6,0.009487615898251534,0.0014671989483758807,43.37,56.63,0.0,56.63,Mixed,106.318013,56.31,Positive average contribution
111,total_ic_mou_max_6_8,0.0094643235206604,-6.490531814051792e-05,35.39,64.61,0.0,64.61,Moderately consistent,274.490771,169.995,Negative average contribution
112,recharge_amt_change_7_to_8,0.009304768405854702,-0.00424837926402688,22.33,77.66999999999999,0.0,77.66999999999999,Strongly consistent,0.2733,0.0,Negative average contribution
113,spl_og_mou_8,0.009237793274223804,-0.0007990084122866392,31.41,68.58999999999999,0.0,68.58999999999999,Moderately consistent,4.7515600000000004,0.0,Negative average contribution
114,std_og_t2m_mou_8,0.009094316512346268,-0.0035382523201406,32.57,67.43,0.0,67.43,Moderately consistent,89.01848100000001,3.28,Negative average contribution
115,recharge_amt_pct_change_6_to_8,0.008949851617217064,-0.00371141592040658,35.449999999999996,64.55,0.0,64.55,Moderately consistent,0.34838384990592197,-0.0728376394857375,Negative average contribution
116,std_og_t2t_mou_6,0.008512870408594608,-0.002358566038310528,21.77,78.23,0.0,78.23,Strongly consistent,76.58586399999999,0.0,Negative average contribution
117,loc_og_mou_max_6_8,0.008400188758969307,0.0011159505229443312,58.81999999999999,41.18,0.0,58.81999999999999,Mixed,187.931633,100.48,Positive average contribution
118,loc_ic_mou_pct_change_6_to_8,0.008356564678251743,-0.0006840547430329025,47.82,52.18000000000001,0.0,52.18000000000001,Mixed,1.4134880052591339,-0.0202172391152158,Negative average contribution
119,total_rech_amt_7,0.008131704293191433,-0.002686921041458845,35.05,64.95,0.0,64.95,Moderately consistent,319.5452,220.0,Negative average contribution
120,loc_ic_mou_7,0.008127603679895401,0.003925761207938194,69.62,30.380000000000003,0.0,69.62,Moderately consistent,163.0554315,92.025,Positive average contribution
121,roam_og_mou_min_6_8,0.008097375743091106,-0.0050724404864013195,4.18,95.82000000000001,0.0,95.82000000000001,Strongly consistent,2.8498909999999995,0.0,Negative average contribution
122,std_ic_mou_min_6_8,0.00809098407626152,0.00400757510215044,43.830000000000005,56.169999999999995,0.0,56.169999999999995,Mixed,16.438349,0.75,Positive average contribution
123,av_rech_amt_data_std_6_8,0.007619853131473064,-0.0003937779401894659,82.64,17.36,0.0,82.64,Strongly consistent,18.936829431385682,8.013876853447538,Negative average contribution
124,loc_og_t2t_mou_6,0.00758311478421092,0.0022641478572040796,43.87,56.13,0.0,56.13,Mixed,43.68569599999999,11.93,Positive average contribution
125,recharge_amt_change_6_to_8,0.007577227894216776,0.0005789216374978423,47.199999999999996,52.800000000000004,0.0,52.800000000000004,Mixed,-6.5648,0.0,Positive average contribution
126,loc_og_t2m_mou_6,0.0075487601570785046,-0.0020418711937963963,62.79,37.21,0.0,62.79,Moderately consistent,91.384077,41.06,Negative average contribution
127,std_ic_t2m_mou_8,0.007440574467182159,-0.00015018404519651085,57.85,42.15,0.0,57.85,Mixed,20.666027,2.0,Negative average contribution
128,loc_og_mou_7,0.00737268989905715,-0.0007376742432825267,51.739999999999995,48.26,0.0,51.739999999999995,Mixed,136.09058000000002,63.52,Negative average contribution
129,total_og_mou_min_6_8,0.007368478458374739,-0.000541364774107933,24.65,75.35,0.0,75.35,Strongly consistent,180.40426000000002,65.11500000000001,Negative average contribution
130,roam_ic_mou_pct_change_7_to_8,0.007362404838204384,0.0027043677400797606,83.78,16.220000000000002,0.0,83.78,Strongly consistent,-0.5088443427244386,-0.909148316833672,Positive average contribution
131,voice_inactive_8,0.007298652548342943,-0.006172779481858015,9.22,90.78,0.0,90.78,Strongly consistent,0.0918,0.0,Negative average contribution
132,roam_ic_mou_7,0.007131780963391066,-0.0006656074547208846,25.180000000000003,74.82,0.0,74.82,Moderately consistent,6.3528839999999995,0.0,Negative average contribution
133,arpu_pct_change_6_to_8,0.007078351452946663,0.002400709083303809,54.120000000000005,45.879999999999995,0.0,54.120000000000005,Mixed,22.61934490516514,-0.0404276216856269,Positive average contribution
134,loc_og_mou_std_6_8,0.007001381833106279,-0.0003697265638038516,61.47,38.53,0.0,61.47,Moderately consistent,42.258860903411566,22.21430320011561,Negative average contribution
135,std_ic_t2f_mou_7,0.0068374695256352425,0.0010780771262943745,20.29,79.71000000000001,0.0,79.71000000000001,Strongly consistent,2.127765,0.0,Positive average contribution
136,total_ic_mou_6,0.006785733625292778,-0.0016698099207133055,35.199999999999996,64.8,0.0,64.8,Moderately consistent,199.92902600000002,114.68,Negative average contribution
137,recharge_amount_min_6_8,0.006704428233206272,0.0030169154051691294,55.16,44.84,0.0,55.16,Mixed,189.0602,110.0,Positive average contribution
138,arpu_7,0.006619967520236969,-0.0003630318969953805,35.79,64.21,0.0,64.21,Moderately consistent,274.27194560000004,190.68,Negative average contribution
139,recharge_amount_recent_vs_baseline,0.006523480173200369,-0.0031894538551568985,20.84,79.16,0.0,79.16,Strongly consistent,-2.0971666666666664,-2.6666666666666288,Negative average contribution
140,offnet_mou_7,0.006444134749472141,-0.001557689975015819,43.53,56.47,0.0,56.47,Mixed,195.4576845,92.235,Negative average contribution
141,loc_ic_mou_6,0.006403257604688406,-0.0011226730421185493,41.31,58.69,0.0,58.69,Mixed,164.50409199999999,92.19,Negative average contribution
142,recharge_amount_recent_vs_baseline_pct,0.006353394128382206,-0.001002144650556147,42.17,57.830000000000005,0.0,57.830000000000005,Mixed,-0.015609691340195428,-0.0149253731343284,Negative average contribution
143,loc_ic_mou_max_6_8,0.006210632156580687,-0.001911644358187914,28.34,71.66,0.0,71.66,Moderately consistent,219.41021,132.19,Negative average contribution
144,recharge_count_trend_score,0.006151923909783363,0.00043082903721369803,60.11,39.89,0.0,60.11,Moderately consistent,-0.1285,0.0,Positive average contribution
145,loc_og_t2t_mou_7,0.006096783094108105,0.0004216423549223691,42.980000000000004,57.02,0.0,57.02,Mixed,43.368084499999995,11.645,Positive average contribution
146,std_og_mou_change_6_to_8,0.006070855539292097,0.0005362179945223033,52.019999999999996,47.980000000000004,0.0,52.019999999999996,Mixed,7.277291999999998,0.0,Positive average contribution
147,aug_vbc_3g,0.006006311159580946,-0.0031559166964143515,76.92999999999999,23.07,0.0,76.92999999999999,Strongly consistent,66.57308499999999,0.0,Negative average contribution
148,roam_og_mou_pct_change_7_to_8,0.005828813649713993,0.0002062711282633245,22.62,77.38000000000001,0.0,77.38000000000001,Strongly consistent,-0.18559185776166542,-0.9529758446086162,Positive average contribution
149,arpu_recent_vs_baseline_pct,0.005516912788152695,-0.0015021206345409155,33.72,66.28,0.0,66.28,Moderately consistent,-0.013224399742228195,-0.0210073588755327,Negative average contribution
150,std_og_mou_pct_change_7_to_8,0.005442515015602112,0.002212311839684844,63.49,36.51,0.0,63.49,Moderately consistent,1.3176025184142732,-0.1613632142636042,Positive average contribution
151,std_ic_mou_8,0.005295222159475088,-0.0010783872567117214,49.730000000000004,50.27,0.0,50.27,Mixed,33.26165400000001,5.73,Negative average contribution
152,loc_og_mou_6,0.004996410105377436,-0.00045485858572646976,47.75,52.25,0.0,52.25,Mixed,139.29733599999997,65.41,Negative average contribution
153,recharge_count_recent_vs_baseline,0.004384010564535856,-0.0017159320414066315,28.89,71.11,0.0,71.11,Moderately consistent,-0.2496333333333333,-0.3333333333333335,Negative average contribution
154,vol_2g_mb_change_6_to_8,0.0041809407994151115,-0.0009891634108498693,19.650000000000002,80.35,0.0,80.35,Strongly consistent,-4.034015,0.0,Negative average contribution
155,sachet_2g_8,0.004072920884937048,-0.000852566328831017,25.95,74.05000000000001,0.0,74.05000000000001,Moderately consistent,0.4502,0.0,Negative average contribution
156,roam_og_mou_6,0.003943545278161764,-0.0012814797228202224,19.53,80.47,0.0,80.47,Strongly consistent,13.341733000000001,0.0,Negative average contribution
157,arpu_trend_score,0.0026401374489068985,0.00031826223130337894,72.91,27.089999999999996,0.0,72.91,Moderately consistent,-0.0358,0.0,Positive average contribution
158,recharge_amount_trend_score,0.002511007245630026,-0.0004409736138768494,24.05,75.94999999999999,0.0,75.94999999999999,Strongly consistent,0.0197,0.0,Negative average contribution
159,total_activity_trend_score,0.002375624142587185,0.0005295290029607713,64.41,35.589999999999996,0.0,64.41,Moderately consistent,-0.0204,0.0,Positive average contribution
160,roam_ic_mou_min_6_8,0.0023056999780237675,-0.0007642172276973724,43.1,56.89999999999999,0.0,56.89999999999999,Mixed,1.667185,0.0,Negative average contribution
161,behavioral_decline_count,0.002175582805648446,0.00018759543308988214,56.31,43.69,0.0,56.31,Mixed,1.9738,2.0,Positive average contribution
162,vol_2g_mb_min_6_8,0.002104070968925953,-0.0009755929931998253,80.53,19.470000000000002,0.0,80.53,Strongly consistent,17.589454,0.0,Negative average contribution
163,total_rech_data_8_missing,0.00148719921708107,-4.657711906475015e-05,74.2,25.8,0.0,74.2,Moderately consistent,0.745,1.0,Negative average contribution
164,voice_inactive_6,0.0008337274775840342,-0.0005208163056522608,8.23,91.77,0.0,91.77,Strongly consistent,0.0741,0.0,Negative average contribution
165,spl_og_mou_8_missing,3.4623517422005534e-05,-2.8848768124589697e-05,5.48,94.52000000000001,0.0,94.52000000000001,Strongly consistent,0.0548,0.0,Negative average contribution
166,voice_inactive_7,0.0,0.0,0.0,0.0,100.0,0.0,No SHAP contribution,0.0722,0.0,Near-neutral average contribution
167,no_recharge_amt_7,0.0,0.0,0.0,0.0,100.0,0.0,No SHAP contribution,0.1196,0.0,Near-neutral average contribution
168,no_recharge_amt_8,0.0,0.0,0.0,0.0,100.0,0.0,No SHAP contribution,0.1406,0.0,Near-neutral average contribution
169,no_recharge_count_8,0.0,0.0,0.0,0.0,100.0,0.0,No SHAP contribution,0.0378,0.0,Near-neutral average contribution
