feature,mutual_information,mi_rank
total_activity_8,0.13499487441309688,1
loc_ic_mou_8,0.1327721708895877,2
total_ic_mou_8,0.13249493775771315,3
loc_ic_t2m_mou_8,0.13206463162329962,4
total_voice_mou_8,0.1300875884504269,5
total_activity_pct_change_7_to_8,0.12636001713866474,6
total_activity_pct_change_6_to_8,0.1256724062875203,7
total_ic_mou_pct_change_7_to_8,0.11956435459448733,8
voice_inactive_8,0.1190644702120005,9
total_ic_mou_pct_change_6_to_8,0.11719483180432388,10
loc_og_mou_8,0.11656444616294648,11
loc_ic_t2t_mou_8,0.11631360875752494,12
loc_og_t2m_mou_8,0.11551483332842016,13
loc_ic_mou_pct_change_7_to_8,0.11453158659322726,14
loc_og_t2t_mou_8,0.10968123748958081,15
total_og_mou_8,0.10611823929816411,16
loc_ic_mou_change_7_to_8,0.1009906249303072,17
total_og_mou_pct_change_7_to_8,0.10041873849185334,18
total_og_mou_pct_change_6_to_8,0.09987547673603125,19
loc_ic_mou_pct_change_6_to_8,0.09957703491914205,20
arpu_recent_vs_baseline_pct,0.09866901141711515,21
loc_ic_t2f_mou_8,0.09736043277528639,22
offnet_mou_8,0.0956439007784442,23
total_ic_mou_min_6_8,0.09492646306050467,24
std_ic_mou_8,0.0934214134079745,25
arpu_pct_change_6_to_8,0.09337136108459854,26
loc_og_mou_pct_change_7_to_8,0.0904520569779168,27
std_ic_t2m_mou_8,0.08978116879959641,28
onnet_mou_8,0.08963669213400216,29
arpu_8,0.08903422653992821,30
arpu_pct_change_7_to_8,0.08885586805556289,31
std_og_mou_8,0.08826842904874965,32
loc_og_mou_change_7_to_8,0.08696680937887424,33
loc_ic_mou_change_6_to_8,0.08577666138921636,34
std_og_t2m_mou_8,0.08514980273639172,35
loc_og_mou_pct_change_6_to_8,0.08416589580214673,36
total_activity_change_7_to_8,0.08265216332836345,37
spl_og_mou_8_missing,0.0797544526077143,38
loc_og_mou_change_6_to_8,0.07826977737959595,39
recharge_amount_recent_vs_baseline_pct,0.07765913521422463,40
total_ic_mou_change_7_to_8,0.07732220492840591,41
total_og_mou_min_6_8,0.07637293390511202,42
total_og_mou_change_7_to_8,0.07505567457261053,43
recharge_amt_pct_change_6_to_8,0.07445356719403273,44
recharge_value_per_transaction_8,0.07405610832870835,45
max_rech_amt_8,0.07368552412281004,46
total_rech_amt_8,0.07311434696921926,47
arpu_to_recharge_ratio_8,0.0718791149133986,48
no_recharge_amt_8,0.06883746287850467,49
arpu_min_6_8,0.06846243692489073,50
recharge_amt_pct_change_7_to_8,0.06655173049553809,51
total_activity_change_6_to_8,0.061437016072539485,52
total_og_mou_change_6_to_8,0.05799807963447634,53
last_day_rch_amt_8,0.05671138824388278,54
total_ic_mou_change_6_to_8,0.05283453524645254,55
arpu_change_7_to_8,0.051566915174555916,56
loc_ic_mou_7,0.051419245432669625,57
recharge_amount_min_6_8,0.05129674190445144,58
loc_ic_t2m_mou_7,0.04958077510998771,59
recharge_num_pct_change_6_to_8,0.049343693856507054,60
std_ic_mou_change_7_to_8,0.04889054690818595,61
total_activity_trend_score,0.04883665809021687,62
recharge_count_recent_vs_baseline_pct,0.0481013670926278,63
loc_ic_mou_min_6_8,0.04756265934872306,64
total_ic_mou_7,0.04649276857436391,65
arpu_recent_vs_baseline,0.04554846367851639,66
std_ic_mou_change_6_to_8,0.04460637778843024,67
recharge_amt_change_7_to_8,0.044347218550101486,68
total_voice_mou_7,0.044066852213173524,69
loc_og_t2m_mou_7,0.04393784021142477,70
loc_og_mou_7,0.04359276770489173,71
arpu_change_6_to_8,0.04332686962848942,72
loc_ic_mou_std_6_8,0.04262174795562057,73
total_activity_7,0.0422794375739588,74
recharge_amt_change_6_to_8,0.04217887872837123,75
loc_ic_t2t_mou_7,0.04217261838060948,76
std_og_mou_change_6_to_8,0.04179262616769175,77
std_og_mou_change_7_to_8,0.04150443781697044,78
voice_inactive_7,0.040910751014553215,79
loc_ic_t2f_mou_7,0.04024155878551228,80
total_rech_num_8,0.03987594230995084,81
arpu_trend_score,0.03974934857571033,82
recharge_amount_recent_vs_baseline,0.03974515340571094,83
std_ic_mou_pct_change_7_to_8,0.03818760069218463,84
std_ic_mou_pct_change_6_to_8,0.03818147715091391,85
loc_ic_mou_max_6_8,0.0381570122045547,86
loc_og_t2t_mou_7,0.03720486245948962,87
recharge_amount_trend_score,0.03517956646438747,88
loc_og_mou_std_6_8,0.03486211113126547,89
loc_og_mou_min_6_8,0.0335284382777028,90
total_og_mou_7,0.0335197877492317,91
recharge_count_min_6_8,0.0333410934050411,92
total_ic_mou_max_6_8,0.03270740728112642,93
onnet_mou_7,0.03173336942104643,94
voice_rech_recency_8,0.03100286953994158,95
offnet_mou_7,0.03034316258307368,96
loc_og_t2f_mou_8,0.029924947270711044,97
total_og_mou_std_6_8,0.02965562249147391,98
std_og_mou_pct_change_7_to_8,0.02930089087927601,99
std_og_mou_7,0.029210113613064248,100
loc_og_mou_max_6_8,0.028620209731344604,101
std_ic_mou_7,0.027483120515546133,102
std_og_t2m_mou_7,0.02734482062160204,103
recharge_amount_std_6_8,0.027248703401508756,104
std_ic_t2m_mou_7,0.02720159897297658,105
std_og_mou_std_6_8,0.026778834762674508,106
no_recharge_count_8,0.026066364354175864,107
std_ic_mou_std_6_8,0.025693907155882822,108
total_ic_mou_std_6_8,0.025392907399253373,109
std_og_mou_pct_change_6_to_8,0.025345294158521714,110
recharge_count_recent_vs_baseline,0.025161983601829974,111
arpu_7,0.02417521204877482,112
behavioral_decline_count,0.02396376734246841,113
recharge_num_change_6_to_8,0.02301645430240362,114
total_rech_amt_7,0.022913227345508824,115
max_rech_amt_7,0.022235599730591193,116
total_og_mou_max_6_8,0.022087715974438593,117
data_rech_recency_8,0.021364294274852424,118
loc_ic_mou_6,0.021116773642640307,119
total_rech_data_8_missing,0.02065872384579337,120
spl_og_mou_8,0.020354691465956254,121
arpu_std_6_8,0.01860794741775007,122
loc_ic_t2m_mou_6,0.01857272413783373,123
loc_ic_t2f_mou_6,0.01846779841241819,124
max_rech_data_8,0.017399071057017768,125
roam_og_mou_min_6_8,0.017009111240190444,126
no_recharge_amt_7,0.01692132028176463,127
arpu_avg_6_8,0.016834436859164414,128
std_og_mou_6,0.01598687288597378,129
loc_ic_t2t_mou_6,0.01595315355239446,130
total_ic_mou_6,0.0153486760374284,131
std_ic_mou_min_6_8,0.015119825001340681,132
std_ic_mou_max_6_8,0.01508009119948106,133
loc_og_t2t_mou_6,0.014438961777976544,134
std_ic_t2t_mou_8,0.014100371432573588,135
loc_og_t2f_mou_7,0.01393225686515609,136
total_rech_num_7,0.01381631420671292,137
total_voice_mou_6,0.013681098214198384,138
recharge_count_trend_score,0.013626127802762289,139
arpu_3g_8,0.0135893455072007,140
loc_og_mou_6,0.013534461236601958,141
av_rech_amt_data_8,0.013481085147500682,142
roam_og_mou_8,0.013469898478134956,143
roam_ic_mou_min_6_8,0.01345653377239886,144
voice_rech_recency_7,0.013451955792765036,145
std_ic_t2f_mou_8,0.013443267217679411,146
arpu_2g_8,0.013355230491475023,147
last_day_rch_amt_7,0.013325279920591848,148
vol_2g_mb_8,0.013087417540422974,149
total_og_mou_6,0.01276723810111191,150
aon,0.012745951441771375,151
loc_og_t2m_mou_6,0.012614570697536243,152
std_og_mou_min_6_8,0.01257904811798638,153
std_og_t2m_mou_6,0.012549709356521221,154
roam_ic_mou_std_6_8,0.012232240873583322,155
voice_inactive_6,0.012032068603789359,156
ic_others_8,0.01183631626165349,157
fb_user_8,0.011802851034845574,158
roam_ic_mou_8,0.01161615468999111,159
std_og_t2t_mou_8,0.01120729949465904,160
loc_og_t2f_mou_6,0.010935363428142386,161
vol_2g_mb_pct_change_6_to_8,0.010810016674591472,162
total_activity_6,0.010701915188448652,163
total_rech_data_8,0.0106260621343095,164
onnet_mou_6,0.010249985229731973,165
roam_og_mou_std_6_8,0.010187452132284225,166
no_recharge_count_7,0.010153908306141934,167
max_rech_data_7,0.010137686782893063,168
roam_og_mou_7,0.00983289025825651,169
voice_rech_recency_8_high_flag,0.009634312676468637,170
total_rech_data_7,0.009269592280349848,171
fb_user_6,0.009121802630388975,172
av_rech_amt_data_7,0.009038302221008987,173
recharge_count_std_6_8,0.008998718199159095,174
vol_3g_mb_pct_change_6_to_8,0.008863426667641061,175
spl_ic_mou_8,0.008760187351575244,176
roam_ic_mou_change_7_to_8,0.008657357035746882,177
max_rech_data_max_6_8,0.008512196514991244,178
count_rech_2g_8,0.008485892046975696,179
roam_ic_mou_change_6_to_8,0.008368514582410613,180
roam_ic_mou_pct_change_7_to_8,0.008297017205858737,181
isd_ic_mou_change_6_to_8,0.008223106102319688,182
roam_og_mou_change_7_to_8,0.008205361903951491,183
vol_3g_mb_8,0.008185101276488638,184
voice_rech_recency_7_high_flag,0.008055585707902324,185
av_rech_amt_data_max_6_8,0.007976341941659193,186
offnet_mou_6,0.00793816236258138,187
std_ic_mou_6,0.00790376496041234,188
fb_user_7,0.007867637656628457,189
std_ic_t2m_mou_6,0.007707039546585692,190
roam_og_mou_change_6_to_8,0.007681365213168867,191
data_rech_recency_6,0.007592789362498742,192
roam_og_mou_pct_change_7_to_8,0.0074956340482130734,193
roam_ic_mou_7,0.007466251656218503,194
max_rech_data_6,0.007330240137504385,195
data_rech_recency_7,0.007060036850363494,196
vol_2g_mb_min_6_8,0.006958790739316045,197
total_rech_amt_6,0.006901205186678361,198
max_rech_amt_6,0.006787542794765233,199
isd_ic_mou_change_7_to_8,0.006572837238858487,200
max_rech_data_min_6_8,0.006558296148650777,201
arpu_6,0.0065386940619935885,202
isd_ic_mou_std_6_8,0.006137881366365727,203
isd_ic_mou_8,0.006102286660146339,204
vol_3g_mb_change_6_to_8,0.006073313994559015,205
total_rech_data_min_6_8,0.006029150906546876,206
vol_2g_mb_change_6_to_8,0.005951683954210862,207
av_rech_amt_data_min_6_8,0.0057878185247783875,208
aug_vbc_3g,0.0057166065615992245,209
loc_og_t2c_mou_8,0.0055715541449496975,210
count_rech_2g_7,0.005554413321810614,211
total_rech_data_6,0.005501412020692653,212
roam_og_mou_6,0.005479198447385647,213
arpu_max_6_8,0.005468810193059559,214
sachet_2g_8,0.005440601859702632,215
av_rech_amt_data_6,0.005421017152264618,216
voice_rech_recency_6_high_flag,0.005360210090591178,217
vol_2g_mb_7,0.005320583550997293,218
av_rech_amt_data_std_6_8,0.0052728037815577,219
recharge_count_max_6_8,0.0050467057273615445,220
total_rech_data_std_6_8,0.005012471532560792,221
std_ic_t2f_mou_7,0.004937275076701386,222
av_rech_amt_data_pct_change_6_to_8,0.004884209727193944,223
vol_3g_mb_min_6_8,0.004829861840056182,224
monthly_2g_8,0.004745640900098325,225
std_ic_t2t_mou_7,0.004361848188826123,226
isd_ic_mou_pct_change_6_to_8,0.004309625696691688,227
std_og_t2f_mou_8,0.004088555281832829,228
isd_ic_mou_pct_change_7_to_8,0.003935664553015306,229
total_rech_data_pct_change_6_to_8,0.003920595362684853,230
count_rech_2g_6,0.003646249143629987,231
arpu_2g_7,0.0036248480571199337,232
total_rech_data_max_6_8,0.003598694320766649,233
last_day_rch_amt_6,0.003598118208696821,234
total_rech_num_6,0.003551203368211464,235
max_rech_data_pct_change_6_to_8,0.003536014635850737,236
count_rech_3g_8,0.003275268332743053,237
isd_og_mou_change_6_to_8,0.0032165917526001397,238
max_rech_data_std_6_8,0.0030159448897206786,239
ic_others_7,0.0029648175669094723,240
roam_ic_mou_6,0.002943061085572962,241
std_ic_t2f_mou_6,0.0029034767460818234,242
spl_og_mou_6,0.0026340956063923837,243
data_rech_recency_8_high_flag,0.0024806226993965286,244
loc_og_t2c_mou_7,0.0024667562742957116,245
isd_og_mou_std_6_8,0.002415860144799664,246
arpu_3g_6,0.002396017919660931,247
arpu_3g_7,0.002331598454445194,248
no_recharge_amt_6,0.002219152248103873,249
monthly_3g_8,0.00203602822159743,250
isd_ic_mou_6,0.001953346752294083,251
std_og_t2f_mou_7,0.0019194120338883458,252
monthly_2g_7,0.0019100014330755144,253
voice_rech_recency_6,0.0017710607981269444,254
std_og_t2t_mou_6,0.0017471540136453356,255
vol_2g_mb_std_6_8,0.00172590362663394,256
no_recharge_count_6,0.001668891136309636,257
isd_og_mou_pct_change_7_to_8,0.0016148904227579752,258
night_pck_user_7,0.0015804665034007126,259
spl_ic_mou_7,0.0015715905898130433,260
spl_og_mou_7,0.0014543185999915664,261
jun_vbc_3g,0.0012939335964454735,262
vol_3g_mb_6,0.0012549969098403224,263
count_rech_3g_6,0.0011652036142042466,264
sachet_3g_6,0.0011230591738171647,265
std_ic_t2o_mou_6,0.0010923514901237663,266
isd_og_mou_8,0.001031613656105712,267
jul_vbc_3g,0.0010296652695023223,268
loc_ic_t2o_mou,0.0009786609855140238,269
isd_ic_mou_7,0.0009679573946923536,270
isd_og_mou_pct_change_6_to_8,0.0008999573124908178,271
count_rech_3g_7,0.0008977728204098145,272
vol_3g_mb_std_6_8,0.0008561968887024207,273
std_ic_t2t_mou_6,0.0007767889546896889,274
spl_ic_mou_6,0.0007556342939263327,275
ic_others_6,0.0007508139973801953,276
monthly_3g_6,0.000725958463976939,277
monthly_2g_6,0.0006863099662355321,278
data_rech_recency_6_high_flag,0.0006396380098749876,279
vol_2g_mb_6,0.0006123146408383295,280
isd_og_mou_change_7_to_8,0.0005983699937752718,281
sachet_3g_8,0.0005878630488422854,282
std_og_t2o_mou,0.0005679853968270088,283
arpu_2g_6,0.0005620769016714267,284
std_og_t2c_mou_7,0.00044752376638901303,285
og_others_7,0.00039639299036231535,286
isd_ic_mou_min_6_8,0.0002835539927714681,287
vol_3g_mb_7,0.00025224560406411634,288
std_og_t2c_mou_6,0.0002510685743264407,289
std_og_t2t_mou_7,0.00018844895584035903,290
loc_og_t2o_mou,9.005491842817293e-05,291
og_others_8,4.209307596036993e-05,292
monthly_3g_7,0.0,293
sachet_2g_7,0.0,294
sachet_2g_6,0.0,295
std_ic_t2o_mou_8,0.0,296
night_pck_user_8,0.0,297
sachet_3g_7,0.0,298
isd_og_mou_min_6_8,0.0,299
night_pck_user_6,0.0,300
std_ic_t2o_mou_7,0.0,301
og_others_6,0.0,302
isd_og_mou_6,0.0,303
isd_og_mou_7,0.0,304
std_og_t2c_mou_8,0.0,305
std_og_t2f_mou_6,0.0,306
loc_og_t2c_mou_6,0.0,307
data_rech_recency_7_high_flag,0.0,308
