feature,mean_cv_auc,cv_auc_std,stable_folds,stability_rate
total_activity_8,0.8635396859303149,0.005317550622940467,5,1.0
loc_ic_mou_8,0.7002466668412761,0.0034955401398169762,5,1.0
total_ic_mou_8,0.8807620406686547,0.0017498548014600978,5,1.0
loc_ic_t2m_mou_8,0.6976853477253921,0.0034805038042020936,5,1.0
total_voice_mou_8,0.859783235759442,0.0031149070792806004,5,1.0
total_activity_pct_change_7_to_8,0.7466387504638953,0.007440863288597299,5,1.0
total_activity_pct_change_6_to_8,0.8007731813988512,0.0038848502900348724,5,1.0
total_ic_mou_pct_change_7_to_8,0.7270256371911382,0.006234804611726344,5,1.0
voice_inactive_8,0.7999926509189714,0.0030802335335890084,5,1.0
total_ic_mou_pct_change_6_to_8,0.7825503092862589,0.005885147484148563,5,1.0
loc_og_mou_8,0.6802409230438756,0.004752814846234848,5,1.0
loc_ic_t2t_mou_8,0.6728987368931987,0.006631787603184347,5,1.0
loc_og_t2m_mou_8,0.6774471440752573,0.0051540624743141965,5,1.0
loc_ic_mou_pct_change_7_to_8,0.62497968512836,0.00806798213138907,5,1.0
loc_og_t2t_mou_8,0.6592058251952502,0.0031361547537640286,5,1.0
total_og_mou_8,0.8323223126504258,0.005089749960747898,5,1.0
loc_ic_mou_change_7_to_8,0.5826299389310602,0.007481047214817481,5,1.0
total_og_mou_pct_change_7_to_8,0.719552161894091,0.005438034060993429,5,1.0
total_og_mou_pct_change_6_to_8,0.7789442370274955,0.005292508280114863,5,1.0
loc_ic_mou_pct_change_6_to_8,0.6336318793458195,0.009886302097457037,5,1.0
arpu_recent_vs_baseline_pct,0.7963570369153274,0.008905408763486585,5,1.0
loc_ic_t2f_mou_8,0.6346962525998376,0.006207651213145955,5,1.0
offnet_mou_8,0.6182227963901905,0.008434814871133779,5,1.0
total_ic_mou_min_6_8,0.8548324861339595,0.002160710680831403,5,1.0
std_ic_mou_8,0.6053298678537316,0.007283247332156752,5,1.0
arpu_pct_change_6_to_8,0.7824410378854525,0.008776160643501327,5,1.0
loc_og_mou_pct_change_7_to_8,0.6133720217944407,0.009350078325383997,5,1.0
std_ic_t2m_mou_8,0.5903024843440086,0.006740769162895049,5,1.0
onnet_mou_8,0.5891185136219897,0.004778016873867945,5,1.0
arpu_8,0.7947390870325969,0.007078235105444389,5,1.0
arpu_pct_change_7_to_8,0.7281509317010315,0.008263449428309031,5,1.0
std_og_mou_8,0.5651005640854525,0.006667232567906383,5,1.0
loc_og_mou_change_7_to_8,0.5741376046197946,0.005122341836057282,5,1.0
loc_ic_mou_change_6_to_8,0.5912804862959564,0.009901717004050832,5,1.0
std_og_t2m_mou_8,0.5612861189977446,0.005466359812822454,5,1.0
loc_og_mou_pct_change_6_to_8,0.6280242683185658,0.004547105403974489,5,1.0
total_activity_change_7_to_8,0.6678169486607397,0.006254587946828227,5,1.0
spl_og_mou_8_missing,0.7034131736351691,0.003424555488059252,5,1.0
loc_og_mou_change_6_to_8,0.5801787116293821,0.004555952088092224,5,1.0
recharge_amount_recent_vs_baseline_pct,0.7795206096715372,0.006240973575172555,5,1.0
total_ic_mou_change_7_to_8,0.639038877433562,0.007705520330947298,5,1.0
total_og_mou_min_6_8,0.8088680445808322,0.006415261888963577,5,1.0
total_og_mou_change_7_to_8,0.6590538025160918,0.006776927394163773,5,1.0
recharge_amt_pct_change_6_to_8,0.7777944010199249,0.007834433102005179,5,1.0
recharge_value_per_transaction_8,0.7005904971671044,0.006848705309680822,5,1.0
max_rech_amt_8,0.775992263555046,0.006147230642051934,5,1.0
total_rech_amt_8,0.7944222431529933,0.006061804837720412,5,1.0
arpu_to_recharge_ratio_8,0.5278333260173984,0.00883639748190131,0,0.0
no_recharge_amt_8,0.7507057917946155,0.004936251368770679,5,1.0
arpu_min_6_8,0.7889176891053389,0.008162067688703237,5,1.0
recharge_amt_pct_change_7_to_8,0.7061230122692341,0.004221846019065126,5,1.0
total_activity_change_6_to_8,0.7225295992892589,0.007360153175986908,5,1.0
total_og_mou_change_6_to_8,0.7096658723623985,0.003867025100869704,5,1.0
last_day_rch_amt_8,0.7582586202898407,0.005350403682112397,5,1.0
total_ic_mou_change_6_to_8,0.6878363758437687,0.009294723910959134,5,1.0
arpu_change_7_to_8,0.6667855920253581,0.0064329437318242635,5,1.0
loc_ic_mou_7,0.6727802463045756,0.008836059271229907,5,1.0
recharge_amount_min_6_8,0.7605292699191277,0.005497238368482438,5,1.0
loc_ic_t2m_mou_7,0.6682841316156752,0.00995262121973649,5,1.0
recharge_num_pct_change_6_to_8,0.704173534614619,0.004994609559857068,5,1.0
std_ic_mou_change_7_to_8,0.5674802410117493,0.009033329581760044,5,1.0
total_activity_trend_score,0.6779261019404512,0.006002565227322756,5,1.0
recharge_count_recent_vs_baseline_pct,0.718216045628389,0.004342956523593214,5,1.0
loc_ic_mou_min_6_8,0.7285550158255589,0.006095490593282993,5,1.0
total_ic_mou_7,0.7411151532030819,0.007479170659458953,5,1.0
arpu_recent_vs_baseline,0.7425556009535531,0.009382745503426996,5,1.0
std_ic_mou_change_6_to_8,0.5828870778261515,0.011118257018897371,5,1.0
recharge_amt_change_7_to_8,0.6553726168082307,0.00578519966251489,5,1.0
total_voice_mou_7,0.6874825363636731,0.006381480525735807,5,1.0
loc_og_t2m_mou_7,0.6449608144826195,0.006222253484476064,5,1.0
loc_og_mou_7,0.6486269725871596,0.006364176322494553,5,1.0
arpu_change_6_to_8,0.7252774275227468,0.009125355040663917,5,1.0
loc_ic_mou_std_6_8,0.6257197804784376,0.007682143975035385,5,1.0
total_activity_7,0.688918066369821,0.007156199809965305,5,1.0
recharge_amt_change_6_to_8,0.7201779284582744,0.008897637961387145,5,1.0
loc_ic_t2t_mou_7,0.6418907185000572,0.010299308706174218,5,1.0
std_og_mou_change_6_to_8,0.6009792431246603,0.007275963044198245,5,1.0
std_og_mou_change_7_to_8,0.5946218355045936,0.006987325910297854,5,1.0
voice_inactive_7,0.6533676105395595,0.0033779618128199056,5,1.0
loc_ic_t2f_mou_7,0.631505894285751,0.001782583807467709,5,1.0
total_rech_num_8,0.7337783121167823,0.006571875297759368,5,1.0
arpu_trend_score,0.669839000893391,0.008271630782707345,5,1.0
recharge_amount_recent_vs_baseline,0.7297480389815261,0.008808417285911469,5,1.0
std_ic_mou_pct_change_7_to_8,0.5896440533633334,0.011222123908217018,5,1.0
std_ic_mou_pct_change_6_to_8,0.6044846245167195,0.008373029371753596,5,1.0
loc_ic_mou_max_6_8,0.6778494116081103,0.00843307365020155,5,1.0
loc_og_t2t_mou_7,0.6272978351312165,0.00543367200149719,5,1.0
recharge_amount_trend_score,0.6857240604800003,0.006377780254380884,5,1.0
loc_og_mou_std_6_8,0.6200055996796372,0.0037472658120974965,5,1.0
loc_og_mou_min_6_8,0.6904812439904039,0.003745955082475507,5,1.0
total_og_mou_7,0.6548304009530159,0.007187671289377481,5,1.0
recharge_count_min_6_8,0.7099349485726905,0.006852350574206144,5,1.0
total_ic_mou_max_6_8,0.6826581391846259,0.008605343293585714,5,1.0
onnet_mou_7,0.5271461887218918,0.008321150961052126,0,0.0
voice_rech_recency_8,0.6397139808361875,0.004690843664525307,5,1.0
offnet_mou_7,0.5577430413640864,0.009813256266966646,3,0.6
loc_og_t2f_mou_8,0.6732427502007673,0.0024869186894249705,5,1.0
total_og_mou_std_6_8,0.5550150369917034,0.005520493944406226,4,0.8
std_og_mou_pct_change_7_to_8,0.5975166019956764,0.006572677690742306,5,1.0
std_og_mou_7,0.517188242360941,0.008621288130492264,0,0.0
loc_og_mou_max_6_8,0.6503016636208034,0.0035417256077435576,5,1.0
std_ic_mou_7,0.5402555812171391,0.0090729231993638,1,0.2
std_og_t2m_mou_7,0.5139352562245043,0.008332629123962577,0,0.0
recharge_amount_std_6_8,0.6237146221222734,0.004173839505291843,5,1.0
std_ic_t2m_mou_7,0.5323500316104786,0.006516830888122471,0,0.0
std_og_mou_std_6_8,0.536703167761549,0.006566310985220256,0,0.0
no_recharge_count_8,0.5895231422847927,0.0007271275020832674,5,1.0
std_ic_mou_std_6_8,0.5545002625583794,0.005406282326310149,4,0.8
total_ic_mou_std_6_8,0.5486307202539231,0.012267878803213835,3,0.6
std_og_mou_pct_change_6_to_8,0.6062151269014284,0.006555477790633996,5,1.0
recharge_count_recent_vs_baseline,0.6869932484766306,0.0034295299970942767,5,1.0
arpu_7,0.6231411469497493,0.006460993297122647,5,1.0
behavioral_decline_count,0.6828120046665163,0.006905820685571446,5,1.0
recharge_num_change_6_to_8,0.6771597182551614,0.002990597449488053,5,1.0
total_rech_amt_7,0.6306091086637211,0.0074205753274417694,5,1.0
max_rech_amt_7,0.6407858916947351,0.0075411959776161075,5,1.0
total_og_mou_max_6_8,0.5472990173597354,0.004597046101317121,2,0.4
data_rech_recency_8,0.5167438924087198,0.0025316016429353314,0,0.0
loc_ic_mou_6,0.627543469504473,0.01292312747917332,5,1.0
total_rech_data_8_missing,0.5996315537968291,0.002774931611053822,5,1.0
spl_og_mou_8,0.6609653402209814,0.0022815020660772144,5,1.0
arpu_std_6_8,0.6770208388334694,0.003455558615503562,5,1.0
loc_ic_t2m_mou_6,0.6228708830053191,0.012757030909874479,5,1.0
loc_ic_t2f_mou_6,0.6150152791970642,0.008291070022593836,5,1.0
max_rech_data_8,0.5098206389624685,0.0036714848044238123,0,0.0
roam_og_mou_min_6_8,0.5830904544233628,0.0030914183581042466,5,1.0
no_recharge_amt_7,0.6142919039937934,0.005603482762870938,5,1.0
arpu_avg_6_8,0.6177755229454444,0.006142441053305748,5,1.0
std_og_mou_6,0.5920433542870509,0.005814631353369901,5,1.0
loc_ic_t2t_mou_6,0.6020086820407059,0.012217762035947865,5,1.0
total_ic_mou_6,0.6438315919691552,0.00902619072095006,5,1.0
std_ic_mou_min_6_8,0.5683089895573971,0.005179412259245529,5,1.0
std_ic_mou_max_6_8,0.531715696121883,0.0046293729892156925,0,0.0
loc_og_t2t_mou_6,0.5839434148099599,0.008374691558121677,5,1.0
std_ic_t2t_mou_8,0.6350473276362801,0.0012978648725694717,5,1.0
loc_og_t2f_mou_7,0.6302922528380293,0.0017637326238018382,5,1.0
total_rech_num_7,0.6019315687246227,0.00615425678433763,5,1.0
total_voice_mou_6,0.5605623660488596,0.005003875478579246,5,1.0
recharge_count_trend_score,0.6290779501481384,0.005681385072513348,5,1.0
arpu_3g_8,0.5036461432585678,0.002511360229523885,0,0.0
loc_og_mou_6,0.601660898089561,0.006362118471831581,5,1.0
av_rech_amt_data_8,0.5173610612274231,0.0034088801827490862,0,0.0
roam_og_mou_8,0.6014584408625987,0.0060310773798111375,5,1.0
roam_ic_mou_min_6_8,0.5801925846881663,0.00318052012211726,5,1.0
voice_rech_recency_7,0.5828043151681872,0.005094818516178459,5,1.0
std_ic_t2f_mou_8,0.5940635636744311,0.0018867033577605957,5,1.0
arpu_2g_8,0.5042812980464785,0.0012887000677758182,0,0.0
last_day_rch_amt_7,0.6297041065622485,0.007642400075958522,5,1.0
vol_2g_mb_8,0.5937231694113512,0.0028778479478850936,5,1.0
total_og_mou_6,0.5260137017876951,0.004612468552790867,0,0.0
aon,0.6359412268683451,0.010407125969451269,5,1.0
loc_og_t2m_mou_6,0.5990128774732149,0.004973592766888786,5,1.0
std_og_mou_min_6_8,0.5246456031888935,0.005319655424500113,0,0.0
std_og_t2m_mou_6,0.5772407233559654,0.0077829048800908286,5,1.0
roam_ic_mou_std_6_8,0.5927465386561618,0.0012841477887499525,5,1.0
voice_inactive_6,0.577558893723684,0.004388371939004314,5,1.0
ic_others_8,0.5921327185074896,0.005306718731182904,5,1.0
fb_user_8,0.506673764873862,0.0016901333717100056,0,0.0
roam_ic_mou_8,0.6001239311518478,0.006065329196675006,5,1.0
std_og_t2t_mou_8,0.6253731321605696,0.003303846778525476,5,1.0
loc_og_t2f_mou_6,0.5974617943085409,0.00399527938630081,5,1.0
vol_2g_mb_pct_change_6_to_8,0.5731553118207581,0.005406955854411606,5,1.0
total_activity_6,0.5586332889023334,0.005715455402178123,4,0.8
total_rech_data_8,0.5552479609001557,0.0021589888899913117,5,1.0
onnet_mou_6,0.538475840730041,0.006750113308529853,1,0.2
roam_og_mou_std_6_8,0.6078152545126397,0.0014765125392116186,5,1.0
no_recharge_count_7,0.5411484319685433,0.00429470547230206,0,0.0
max_rech_data_7,0.518407167660349,0.002943854936665891,0,0.0
roam_og_mou_7,0.5904207756794979,0.00232312848338619,5,1.0
voice_rech_recency_8_high_flag,0.5705291662096211,0.005210393074031365,5,1.0
total_rech_data_7,0.5081291416717855,0.003939776871434652,0,0.0
fb_user_6,0.5018778061502355,0.0010172553710271323,0,0.0
av_rech_amt_data_7,0.5194601798850906,0.0026792728971320456,0,0.0
recharge_count_std_6_8,0.5946929329923971,0.005773993481047426,5,1.0
vol_3g_mb_pct_change_6_to_8,0.5463849312416855,0.0023146607382151523,1,0.2
spl_ic_mou_8,0.5586031285116089,0.0019055943556729592,5,1.0
roam_ic_mou_change_7_to_8,0.5275461702869683,0.007946470090743899,0,0.0
max_rech_data_max_6_8,0.5222372883235078,0.007646835464296709,0,0.0
count_rech_2g_8,0.5204190987907027,0.003664954218624672,0,0.0
roam_ic_mou_change_6_to_8,0.5711688873039804,0.008700551112370992,5,1.0
roam_ic_mou_pct_change_7_to_8,0.5622132487526185,0.006632370899507004,5,1.0
isd_ic_mou_change_6_to_8,0.5199773499978073,0.001714004630068595,0,0.0
roam_og_mou_change_7_to_8,0.5251837823731915,0.008257922347700534,0,0.0
vol_3g_mb_8,0.5647053177911648,0.003592459612391856,5,1.0
voice_rech_recency_7_high_flag,0.5439742791753629,0.005980666694584645,2,0.4
av_rech_amt_data_max_6_8,0.525768750001689,0.008353152179079774,0,0.0
offnet_mou_6,0.513331053705405,0.0032230181548790777,0,0.0
std_ic_mou_6,0.5187529465168466,0.004231386313294357,0,0.0
fb_user_7,0.5029391593621961,0.002106976753188034,0,0.0
std_ic_t2m_mou_6,0.5223521843595327,0.003405677265849734,0,0.0
roam_og_mou_change_6_to_8,0.5641196494608667,0.008619788422200366,5,1.0
data_rech_recency_6,0.5046885308478453,0.0015614471197165185,0,0.0
roam_og_mou_pct_change_7_to_8,0.556445205034646,0.006204156238260896,4,0.8
roam_ic_mou_7,0.5844399897445045,0.00412898461580535,5,1.0
max_rech_data_6,0.5158892953464,0.0038521546062391552,0,0.0
data_rech_recency_7,0.5175219506490655,0.0034775268254880302,0,0.0
vol_2g_mb_min_6_8,0.5582559294355914,0.0020767911887772,5,1.0
total_rech_amt_6,0.5073075042803141,0.002092863181523979,0,0.0
max_rech_amt_6,0.5351314886038366,0.008478811771836674,0,0.0
isd_ic_mou_change_7_to_8,0.5145071261043478,0.005432558101045079,0,0.0
max_rech_data_min_6_8,0.5055124122778725,0.003361165469086942,0,0.0
arpu_6,0.5141925593506074,0.0072958619049196954,0,0.0
isd_ic_mou_std_6_8,0.5479008762308661,0.004044494372611835,2,0.4
isd_ic_mou_8,0.5546879759714909,0.0025561798261014308,5,1.0
vol_3g_mb_change_6_to_8,0.5474563307838907,0.0042479784860731465,1,0.2
total_rech_data_min_6_8,0.5076578706631613,0.0017171366538923669,0,0.0
vol_2g_mb_change_6_to_8,0.5617132337129396,0.007670604592990229,5,1.0
av_rech_amt_data_min_6_8,0.5064955521974002,0.0024935311501850855,0,0.0
aug_vbc_3g,0.558945290836791,0.0023976505549151363,5,1.0
loc_og_t2c_mou_8,0.5649281159149981,0.003013320195220984,5,1.0
count_rech_2g_7,0.5116996169984074,0.0039830856476159296,0,0.0
total_rech_data_6,0.5087732379834452,0.0051703564397955915,0,0.0
roam_og_mou_6,0.5588854882635058,0.004577293991413736,5,1.0
arpu_max_6_8,0.5057390238535235,0.004179291667173166,0,0.0
sachet_2g_8,0.5523060003266045,0.0018468284363130638,5,1.0
av_rech_amt_data_6,0.5114514135051181,0.005112566175891058,0,0.0
voice_rech_recency_6_high_flag,0.5109631002032767,0.006972378004602328,0,0.0
vol_2g_mb_7,0.5497136045115165,0.003871125302244165,3,0.6
av_rech_amt_data_std_6_8,0.5506608260961536,0.009019171160179218,3,0.6
recharge_count_max_6_8,0.5275623361828016,0.005145973482506473,0,0.0
total_rech_data_std_6_8,0.5459996923008438,0.0036288448976688494,1,0.2
std_ic_t2f_mou_7,0.5676693905598726,0.005157001171945112,5,1.0
av_rech_amt_data_pct_change_6_to_8,0.5110536978857263,0.003114684724013226,0,0.0
vol_3g_mb_min_6_8,0.5395146027039112,0.0026382946901670067,0,0.0
monthly_2g_8,0.534551644438789,0.0023217461826284176,0,0.0
std_ic_t2t_mou_7,0.5385955548967057,0.008798949701833233,1,0.2
isd_ic_mou_pct_change_6_to_8,0.5171001512567794,0.003286206129136127,0,0.0
std_og_t2f_mou_8,0.5467014519993981,0.004209170842904389,1,0.2
isd_ic_mou_pct_change_7_to_8,0.5139806551827817,0.0041938810406327775,0,0.0
total_rech_data_pct_change_6_to_8,0.507284502826286,0.0032737009679830596,0,0.0
count_rech_2g_6,0.5068120394942215,0.002542496392793787,0,0.0
arpu_2g_7,0.5066100776575456,0.004211898812039731,0,0.0
total_rech_data_max_6_8,0.5139033074850516,0.00706782677407157,0,0.0
last_day_rch_amt_6,0.5416435722469457,0.00634092949346826,0,0.0
total_rech_num_6,0.5040761306179993,0.0013366830605336495,0,0.0
max_rech_data_pct_change_6_to_8,0.5091409752790094,0.0018993218406747432,0,0.0
count_rech_3g_8,0.5355090666798917,0.0029375247359593464,0,0.0
isd_og_mou_change_6_to_8,0.5021277990377365,0.001912600190890938,0,0.0
max_rech_data_std_6_8,0.5355879420742014,0.0024301934486245917,0,0.0
ic_others_7,0.5475283318237777,0.0032105808414542897,1,0.2
roam_ic_mou_6,0.549939865110777,0.006158338189086433,2,0.4
std_ic_t2f_mou_6,0.5513828408374105,0.0022415364948482077,3,0.6
spl_og_mou_6,0.5070763450013811,0.005944420931833099,0,0.0
data_rech_recency_8_high_flag,0.5393524837866719,0.0010754715663247505,0,0.0
loc_og_t2c_mou_7,0.5129535466170545,0.005091900068262847,0,0.0
isd_og_mou_std_6_8,0.5114504927814327,0.0033256014275427023,0,0.0
arpu_3g_6,0.5039568468685293,0.00274889132584178,0,0.0
arpu_3g_7,0.501998647217046,0.0016452577387126752,0,0.0
no_recharge_amt_6,0.5248781003417153,0.004248248179624293,0,0.0
monthly_3g_8,0.5209239374804673,0.0020283450752108293,0,0.0
isd_ic_mou_6,0.507612445972371,0.003984271570830199,0,0.0
std_og_t2f_mou_7,0.5331565241376536,0.001608833351860081,0,0.0
monthly_2g_7,0.5264541808249176,0.0021095656778786715,0,0.0
voice_rech_recency_6,0.522107106752401,0.006324639097516058,0,0.0
std_og_t2t_mou_6,0.5627736259028628,0.0037335837693004826,5,1.0
vol_2g_mb_std_6_8,0.5448373847059795,0.003326272205455449,1,0.2
no_recharge_count_6,0.5138920818748691,0.0020418016490325102,0,0.0
isd_og_mou_pct_change_7_to_8,0.5032504642910093,0.001731955789127316,0,0.0
night_pck_user_7,0.5014290738856342,0.0007715870612948965,0,0.0
spl_ic_mou_7,0.5232801675386161,0.0030526911987308666,0,0.0
spl_og_mou_7,0.5564501480982326,0.0053707206306297045,4,0.8
jun_vbc_3g,0.5191956948778957,0.005343422969956499,0,0.0
vol_3g_mb_6,0.5182508392679216,0.0051796017302402205,0,0.0
count_rech_3g_6,0.5032134908399426,0.0016436654761441793,0,0.0
sachet_3g_6,0.5022911930273539,0.0005916421016505831,0,0.0
std_ic_t2o_mou_6,,,0,0.0
isd_og_mou_8,0.5100948812452174,0.002372377685430887,0,0.0
jul_vbc_3g,0.5339263019851664,0.002236698198046005,0,0.0
loc_ic_t2o_mou,,,0,0.0
isd_ic_mou_7,0.5259474465296508,0.0033737703456452003,0,0.0
isd_og_mou_pct_change_6_to_8,0.5049587715775073,0.0014163341550317014,0,0.0
count_rech_3g_7,0.5144271699636059,0.0023643321605656452,0,0.0
vol_3g_mb_std_6_8,0.532013443239979,0.004955601201336497,0,0.0
std_ic_t2t_mou_6,0.5203058889500168,0.0059707403729707224,0,0.0
spl_ic_mou_6,0.5288339017383596,0.00404905742978595,0,0.0
ic_others_6,0.5247508762072103,0.007112445537890851,0,0.0
monthly_3g_6,0.5025361636392283,0.001370780610148922,0,0.0
monthly_2g_6,0.5184374344551349,0.0019032117787780092,0,0.0
data_rech_recency_6_high_flag,0.5080649815566856,0.0025977516045702295,0,0.0
vol_2g_mb_6,0.523511017888516,0.004600131991146785,0,0.0
isd_og_mou_change_7_to_8,0.5025675579729307,0.0024419344892052837,0,0.0
sachet_3g_8,0.5168569034499215,0.0016058074605531268,0,0.0
std_og_t2o_mou,,,0,0.0
arpu_2g_6,0.5064098331901477,0.004087801042869595,0,0.0
std_og_t2c_mou_7,,,0,0.0
og_others_7,0.5012248018388626,0.00044467098746489125,0,0.0
isd_ic_mou_min_6_8,0.5022004560823925,0.00025400617834467977,0,0.0
vol_3g_mb_7,0.5370368137242055,0.005429232894865721,0,0.0
std_og_t2c_mou_6,,,0,0.0
std_og_t2t_mou_7,0.5153834750617641,0.0063017797480635525,0,0.0
loc_og_t2o_mou,,,0,0.0
og_others_8,0.5018715332272669,0.0004128090969680602,0,0.0
