feature,status,reason,selection_stage,correlation_group,missing_pct_dev,mutual_information,mi_rank,mean_cv_auc,cv_auc_std,stable_folds,stability_rate,permutation_importance_mean,permutation_importance_std,feature_family
overall_inactive_8,Excluded,Redundant with preferred feature: voice_inactive_8,Correlation redundancy,34.0,0.0,,,,,,,,,Activity Signal
tenure_band,Excluded,Insufficient predictive evidence after stability/model review,Final predictive screening,,0.0,,,,,,,,,Customer Tenure
tenure_years,Excluded,Redundant with preferred feature: aon,Correlation redundancy,6.0,0.0,,,,,,,,,Customer Tenure
arpu_2g_6,Excluded,Insufficient predictive evidence after stability/model review,Final predictive screening,,74.97455311701995,0.0005620769016714267,284.0,0.5064098331901477,0.004087801042869595,0.0,0.0,,,Customer Value
arpu_2g_7,Excluded,Insufficient predictive evidence after stability/model review,Final predictive screening,,74.50847336559582,0.0036248480571199337,232.0,0.5066100776575456,0.004211898812039731,0.0,0.0,,,Customer Value
arpu_2g_8,Excluded,Insufficient predictive evidence after stability/model review,Final predictive screening,,73.76203146484758,0.013355230491475023,147.0,0.5042812980464785,0.0012887000677758182,0.0,0.0,,,Customer Value
arpu_3g_6,Excluded,Insufficient predictive evidence after stability/model review,Final predictive screening,,74.97455311701995,0.002396017919660931,247.0,0.5039568468685293,0.00274889132584178,0.0,0.0,,,Customer Value
arpu_3g_7,Excluded,Insufficient predictive evidence after stability/model review,Final predictive screening,,74.50847336559582,0.002331598454445194,248.0,0.501998647217046,0.0016452577387126752,0.0,0.0,,,Customer Value
arpu_3g_8,Excluded,Insufficient predictive evidence after stability/model review,Final predictive screening,,73.76203146484758,0.0135893455072007,140.0,0.5036461432585678,0.002511360229523885,0.0,0.0,,,Customer Value
arpu_6,Excluded,Insufficient predictive evidence after stability/model review,Final predictive screening,,0.0,0.0065386940619935885,202.0,0.5141925593506074,0.0072958619049196954,0.0,0.0,,,Customer Value
arpu_max_6_8,Excluded,Insufficient predictive evidence after stability/model review,Final predictive screening,13.0,0.0,0.005468810193059559,214.0,0.5057390238535235,0.004179291667173166,0.0,0.0,,,Customer Value
arpu_to_recharge_ratio_8,Excluded,Insufficient predictive evidence after stability/model review,Final predictive screening,,13.643100769656602,0.0718791149133986,48.0,0.5278333260173984,0.00883639748190131,0.0,0.0,,,Customer Value
august_value_activity_flag,Excluded,Constant feature,Constant screening,,,,,,,,,,,Customer Value
data_inactive_6,Excluded,Redundant with preferred feature: vol_2g_mb_6,Correlation redundancy,3.0,0.0,,,,,,,,,Data Engagement
data_inactive_7,Excluded,Redundant with preferred feature: vol_2g_mb_7,Correlation redundancy,4.0,0.0,,,,,,,,,Data Engagement
data_inactive_8,Excluded,Redundant with preferred feature: vol_2g_mb_8,Correlation redundancy,5.0,0.0,,,,,,,,,Data Engagement
jul_vbc_3g,Excluded,Insufficient predictive evidence after stability/model review,Final predictive screening,,0.0,0.0010296652695023223,268.0,0.5339263019851664,0.002236698198046005,0.0,0.0,,,Data Engagement
jun_vbc_3g,Excluded,Insufficient predictive evidence after stability/model review,Final predictive screening,,0.0,0.0012939335964454735,262.0,0.5191956948778957,0.005343422969956499,0.0,0.0,,,Data Engagement
monthly_2g_6,Excluded,Insufficient predictive evidence after stability/model review,Final predictive screening,,0.0,0.0006863099662355321,278.0,0.5184374344551349,0.0019032117787780092,0.0,0.0,,,Data Engagement
monthly_2g_6_missing,Excluded,Constant feature,Constant screening,,,,,,,,,,,Data Engagement
monthly_2g_7,Excluded,Insufficient predictive evidence after stability/model review,Final predictive screening,,0.0,0.0019100014330755144,253.0,0.5264541808249176,0.0021095656778786715,0.0,0.0,,,Data Engagement
monthly_2g_7_missing,Excluded,Constant feature,Constant screening,,,,,,,,,,,Data Engagement
monthly_2g_8,Excluded,Insufficient predictive evidence after stability/model review,Final predictive screening,,0.0,0.004745640900098325,225.0,0.534551644438789,0.0023217461826284176,0.0,0.0,,,Data Engagement
monthly_2g_8_missing,Excluded,Constant feature,Constant screening,,,,,,,,,,,Data Engagement
monthly_3g_6,Excluded,Insufficient predictive evidence after stability/model review,Final predictive screening,,0.0,0.000725958463976939,277.0,0.5025361636392283,0.001370780610148922,0.0,0.0,,,Data Engagement
monthly_3g_6_missing,Excluded,Constant feature,Constant screening,,,,,,,,,,,Data Engagement
monthly_3g_7,Excluded,Insufficient predictive evidence after stability/model review,Final predictive screening,,0.0,0.0,293.0,,,,,,,Data Engagement
monthly_3g_7_missing,Excluded,Constant feature,Constant screening,,,,,,,,,,,Data Engagement
monthly_3g_8,Excluded,Insufficient predictive evidence after stability/model review,Final predictive screening,,0.0,0.00203602822159743,250.0,0.5209239374804673,0.0020283450752108293,0.0,0.0,,,Data Engagement
monthly_3g_8_missing,Excluded,Constant feature,Constant screening,,,,,,,,,,,Data Engagement
sachet_2g_6,Excluded,Insufficient predictive evidence after stability/model review,Final predictive screening,,0.0,0.0,295.0,,,,,,,Data Engagement
sachet_2g_6_missing,Excluded,Constant feature,Constant screening,,,,,,,,,,,Data Engagement
sachet_2g_7,Excluded,Insufficient predictive evidence after stability/model review,Final predictive screening,,0.0,0.0,294.0,,,,,,,Data Engagement
sachet_2g_7_missing,Excluded,Constant feature,Constant screening,,,,,,,,,,,Data Engagement
sachet_2g_8_missing,Excluded,Constant feature,Constant screening,,,,,,,,,,,Data Engagement
sachet_3g_6,Excluded,Insufficient predictive evidence after stability/model review,Final predictive screening,,0.0,0.0011230591738171647,265.0,0.5022911930273539,0.0005916421016505831,0.0,0.0,,,Data Engagement
sachet_3g_6_missing,Excluded,Constant feature,Constant screening,,,,,,,,,,,Data Engagement
sachet_3g_7,Excluded,Insufficient predictive evidence after stability/model review,Final predictive screening,,0.0,0.0,298.0,,,,,,,Data Engagement
sachet_3g_7_missing,Excluded,Constant feature,Constant screening,,,,,,,,,,,Data Engagement
sachet_3g_8,Excluded,Insufficient predictive evidence after stability/model review,Final predictive screening,,0.0,0.0005878630488422854,282.0,0.5168569034499215,0.0016058074605531268,0.0,0.0,,,Data Engagement
sachet_3g_8_missing,Excluded,Constant feature,Constant screening,,,,,,,,,,,Data Engagement
total_data_volume_6,Excluded,Redundant with preferred feature: vol_2g_mb_6,Correlation redundancy,3.0,0.0,,,,,,,,,Data Engagement
total_data_volume_7,Excluded,Redundant with preferred feature: vol_2g_mb_7,Correlation redundancy,4.0,0.0,,,,,,,,,Data Engagement
total_data_volume_8,Excluded,Redundant with preferred feature: vol_2g_mb_8,Correlation redundancy,5.0,0.0,,,,,,,,,Data Engagement
vol_2g_mb_6,Excluded,Insufficient predictive evidence after stability/model review,Final predictive screening,3.0,0.0,0.0006123146408383295,280.0,0.523511017888516,0.004600131991146785,0.0,0.0,,,Data Engagement
vol_2g_mb_6_missing,Excluded,Constant feature,Constant screening,,,,,,,,,,,Data Engagement
vol_2g_mb_7,Excluded,Insufficient predictive evidence after stability/model review,Final predictive screening,4.0,0.0,0.005320583550997293,218.0,0.5497136045115165,0.003871125302244165,3.0,0.6,,,Data Engagement
vol_2g_mb_7_missing,Excluded,Constant feature,Constant screening,,,,,,,,,,,Data Engagement
vol_2g_mb_8_missing,Excluded,Constant feature,Constant screening,,,,,,,,,,,Data Engagement
vol_2g_mb_avg_6_8,Excluded,Redundant with preferred feature: vol_2g_mb_std_6_8,Correlation redundancy,26.0,0.0,,,,,,,,,Data Engagement
vol_2g_mb_max_6_8,Excluded,Redundant with preferred feature: vol_2g_mb_std_6_8,Correlation redundancy,26.0,0.0,,,,,,,,,Data Engagement
vol_2g_mb_std_6_8,Excluded,Insufficient predictive evidence after stability/model review,Final predictive screening,26.0,0.0,0.00172590362663394,256.0,0.5448373847059795,0.003326272205455449,1.0,0.2,,,Data Engagement
vol_3g_mb_6,Excluded,Insufficient predictive evidence after stability/model review,Final predictive screening,,0.0,0.0012549969098403224,263.0,0.5182508392679216,0.0051796017302402205,0.0,0.0,,,Data Engagement
vol_3g_mb_6_missing,Excluded,Constant feature,Constant screening,,,,,,,,,,,Data Engagement
vol_3g_mb_7,Excluded,Insufficient predictive evidence after stability/model review,Final predictive screening,,0.0,0.00025224560406411634,288.0,0.5370368137242055,0.005429232894865721,0.0,0.0,,,Data Engagement
vol_3g_mb_7_missing,Excluded,Constant feature,Constant screening,,,,,,,,,,,Data Engagement
vol_3g_mb_8_missing,Excluded,Constant feature,Constant screening,,,,,,,,,,,Data Engagement
vol_3g_mb_avg_6_8,Excluded,Redundant with preferred feature: vol_3g_mb_std_6_8,Correlation redundancy,27.0,0.0,,,,,,,,,Data Engagement
vol_3g_mb_change_6_to_8,Excluded,Insufficient predictive evidence after stability/model review,Final predictive screening,,0.0,0.006073313994559015,205.0,0.5474563307838907,0.0042479784860731465,1.0,0.2,,,Data Engagement
vol_3g_mb_max_6_8,Excluded,Redundant with preferred feature: vol_3g_mb_std_6_8,Correlation redundancy,27.0,0.0,,,,,,,,,Data Engagement
vol_3g_mb_min_6_8,Excluded,Insufficient predictive evidence after stability/model review,Final predictive screening,,0.0,0.004829861840056182,224.0,0.5395146027039112,0.0026382946901670067,0.0,0.0,,,Data Engagement
vol_3g_mb_pct_change_6_to_8,Excluded,Insufficient predictive evidence after stability/model review,Final predictive screening,,85.44259718923553,0.008863426667641061,175.0,0.5463849312416855,0.0023146607382151523,1.0,0.2,,,Data Engagement
vol_3g_mb_std_6_8,Excluded,Insufficient predictive evidence after stability/model review,Final predictive screening,27.0,0.0,0.0008561968887024207,273.0,0.532013443239979,0.004955601201336497,0.0,0.0,,,Data Engagement
fb_user_6_missing,Excluded,Redundant with preferred feature: vol_2g_mb_6,Correlation redundancy,3.0,0.0,,,,,,,,,Missingness Signal
fb_user_7_missing,Excluded,Redundant with preferred feature: vol_2g_mb_7,Correlation redundancy,4.0,0.0,,,,,,,,,Missingness Signal
fb_user_8_missing,Excluded,Redundant with preferred feature: total_rech_data_8_missing,Correlation redundancy,10.0,0.0,,,,,,,,,Missingness Signal
night_pck_user_6_missing,Excluded,Redundant with preferred feature: vol_2g_mb_6,Correlation redundancy,3.0,0.0,,,,,,,,,Missingness Signal
night_pck_user_7_missing,Excluded,Redundant with preferred feature: vol_2g_mb_7,Correlation redundancy,4.0,0.0,,,,,,,,,Missingness Signal
night_pck_user_8_missing,Excluded,Redundant with preferred feature: total_rech_data_8_missing,Correlation redundancy,10.0,0.0,,,,,,,,,Missingness Signal
fb_user_6,Excluded,Insufficient predictive evidence after stability/model review,Final predictive screening,,74.97455311701995,0.009121802630388975,172.0,0.5018778061502355,0.0010172553710271323,0.0,0.0,,,Original / Other
fb_user_7,Excluded,Insufficient predictive evidence after stability/model review,Final predictive screening,,74.50847336559582,0.007867637656628457,189.0,0.5029391593621961,0.002106976753188034,0.0,0.0,,,Original / Other
fb_user_8,Excluded,Insufficient predictive evidence after stability/model review,Final predictive screening,,73.76203146484758,0.011802851034845574,158.0,0.506673764873862,0.0016901333717100056,0.0,0.0,,,Original / Other
last_day_rch_amt_6,Excluded,Insufficient predictive evidence after stability/model review,Final predictive screening,,0.0,0.003598118208696821,234.0,0.5416435722469457,0.00634092949346826,0.0,0.0,,,Original / Other
night_pck_user_6,Excluded,Insufficient predictive evidence after stability/model review,Final predictive screening,,74.97455311701995,0.0,300.0,,,,,,,Original / Other
night_pck_user_7,Excluded,Insufficient predictive evidence after stability/model review,Final predictive screening,,74.50847336559582,0.0015804665034007126,259.0,0.5014290738856342,0.0007715870612948965,0.0,0.0,,,Original / Other
night_pck_user_8,Excluded,Insufficient predictive evidence after stability/model review,Final predictive screening,,73.76203146484758,0.0,297.0,,,,,,,Original / Other
av_rech_amt_data_6,Excluded,Insufficient predictive evidence after stability/model review,Final predictive screening,,74.97455311701995,0.005421017152264618,216.0,0.5114514135051181,0.005112566175891058,0.0,0.0,,,Recharge Activity
av_rech_amt_data_6_missing,Excluded,Redundant with preferred feature: vol_2g_mb_6,Correlation redundancy,3.0,0.0,,,,,,,,,Recharge Activity
av_rech_amt_data_7,Excluded,Insufficient predictive evidence after stability/model review,Final predictive screening,,74.50847336559582,0.009038302221008987,173.0,0.5194601798850906,0.0026792728971320456,0.0,0.0,,,Recharge Activity
av_rech_amt_data_7_missing,Excluded,Redundant with preferred feature: vol_2g_mb_7,Correlation redundancy,4.0,0.0,,,,,,,,,Recharge Activity
av_rech_amt_data_8,Excluded,Insufficient predictive evidence after stability/model review,Final predictive screening,,73.76203146484758,0.013481085147500682,142.0,0.5173610612274231,0.0034088801827490862,0.0,0.0,,,Recharge Activity
av_rech_amt_data_8_missing,Excluded,Redundant with preferred feature: total_rech_data_8_missing,Correlation redundancy,10.0,0.0,,,,,,,,,Recharge Activity
av_rech_amt_data_avg_6_8,Excluded,Redundant with preferred feature: av_rech_amt_data_max_6_8,Correlation redundancy,32.0,62.70111966285113,,,,,,,,,Recharge Activity
av_rech_amt_data_change_6_to_8,Excluded,Redundant with preferred feature: av_rech_amt_data_pct_change_6_to_8,Correlation redundancy,33.0,82.62647547277629,,,,,,,,,Recharge Activity
av_rech_amt_data_max_6_8,Excluded,Insufficient predictive evidence after stability/model review,Final predictive screening,32.0,62.70111966285113,0.007976341941659193,186.0,0.525768750001689,0.008353152179079774,0.0,0.0,,,Recharge Activity
av_rech_amt_data_min_6_8,Excluded,Insufficient predictive evidence after stability/model review,Final predictive screening,,62.70111966285113,0.0057878185247783875,208.0,0.5064955521974002,0.0024935311501850855,0.0,0.0,,,Recharge Activity
av_rech_amt_data_pct_change_6_to_8,Excluded,Insufficient predictive evidence after stability/model review,Final predictive screening,33.0,82.62647547277629,0.004884209727193944,223.0,0.5110536978857263,0.003114684724013226,0.0,0.0,,,Recharge Activity
avg_recharge_amt_8,Excluded,Redundant with preferred feature: recharge_value_per_transaction_8,Correlation redundancy,15.0,3.5482776478151394,,,,,,,,,Recharge Activity
count_rech_2g_6,Excluded,Insufficient predictive evidence after stability/model review,Final predictive screening,,74.97455311701995,0.003646249143629987,231.0,0.5068120394942215,0.002542496392793787,0.0,0.0,,,Recharge Activity
count_rech_2g_6_missing,Excluded,Redundant with preferred feature: vol_2g_mb_6,Correlation redundancy,3.0,0.0,,,,,,,,,Recharge Activity
count_rech_2g_7,Excluded,Insufficient predictive evidence after stability/model review,Final predictive screening,,74.50847336559582,0.005554413321810614,211.0,0.5116996169984074,0.0039830856476159296,0.0,0.0,,,Recharge Activity
count_rech_2g_7_missing,Excluded,Redundant with preferred feature: vol_2g_mb_7,Correlation redundancy,4.0,0.0,,,,,,,,,Recharge Activity
count_rech_2g_8,Excluded,Insufficient predictive evidence after stability/model review,Final predictive screening,,73.76203146484758,0.008485892046975696,179.0,0.5204190987907027,0.003664954218624672,0.0,0.0,,,Recharge Activity
count_rech_2g_8_missing,Excluded,Redundant with preferred feature: total_rech_data_8_missing,Correlation redundancy,10.0,0.0,,,,,,,,,Recharge Activity
count_rech_3g_6,Excluded,Insufficient predictive evidence after stability/model review,Final predictive screening,,74.97455311701995,0.0011652036142042466,264.0,0.5032134908399426,0.0016436654761441793,0.0,0.0,,,Recharge Activity
count_rech_3g_6_missing,Excluded,Redundant with preferred feature: vol_2g_mb_6,Correlation redundancy,3.0,0.0,,,,,,,,,Recharge Activity
count_rech_3g_7,Excluded,Insufficient predictive evidence after stability/model review,Final predictive screening,,74.50847336559582,0.0008977728204098145,272.0,0.5144271699636059,0.0023643321605656452,0.0,0.0,,,Recharge Activity
count_rech_3g_7_missing,Excluded,Redundant with preferred feature: vol_2g_mb_7,Correlation redundancy,4.0,0.0,,,,,,,,,Recharge Activity
count_rech_3g_8,Excluded,Insufficient predictive evidence after stability/model review,Final predictive screening,,73.76203146484758,0.003275268332743053,237.0,0.5355090666798917,0.0029375247359593464,0.0,0.0,,,Recharge Activity
count_rech_3g_8_missing,Excluded,Redundant with preferred feature: total_rech_data_8_missing,Correlation redundancy,10.0,0.0,,,,,,,,,Recharge Activity
data_rech_recency_6,Excluded,Insufficient predictive evidence after stability/model review,Final predictive screening,,74.97455311701995,0.007592789362498742,192.0,0.5046885308478453,0.0015614471197165185,0.0,0.0,,,Recharge Activity
data_rech_recency_6_high_flag,Excluded,Insufficient predictive evidence after stability/model review,Final predictive screening,,0.0,0.0006396380098749876,279.0,0.5080649815566856,0.0025977516045702295,0.0,0.0,,,Recharge Activity
data_rech_recency_7,Excluded,Insufficient predictive evidence after stability/model review,Final predictive screening,,74.50847336559582,0.007060036850363494,196.0,0.5175219506490655,0.0034775268254880302,0.0,0.0,,,Recharge Activity
data_rech_recency_7_high_flag,Excluded,Insufficient predictive evidence after stability/model review,Final predictive screening,,0.0,0.0,308.0,,,,,,,Recharge Activity
data_rech_recency_8,Excluded,Insufficient predictive evidence after stability/model review,Final predictive screening,,73.76203146484758,0.021364294274852424,118.0,0.5167438924087198,0.0025316016429353314,0.0,0.0,,,Recharge Activity
data_rech_recency_8_high_flag,Excluded,Insufficient predictive evidence after stability/model review,Final predictive screening,,0.0,0.0024806226993965286,244.0,0.5393524837866719,0.0010754715663247505,0.0,0.0,,,Recharge Activity
date_of_last_rech_6,Excluded,Insufficient predictive evidence after stability/model review,Final predictive screening,,1.6232432722012893,,,,,,,,,Recharge Activity
date_of_last_rech_6_missing,Excluded,Redundant with preferred feature: no_recharge_count_6,Correlation redundancy,7.0,0.0,,,,,,,,,Recharge Activity
date_of_last_rech_7,Excluded,Insufficient predictive evidence after stability/model review,Final predictive screening,,1.757174235254201,,,,,,,,,Recharge Activity
date_of_last_rech_7_missing,Excluded,Redundant with preferred feature: no_recharge_count_7,Correlation redundancy,8.0,0.0,,,,,,,,,Recharge Activity
date_of_last_rech_8,Excluded,Insufficient predictive evidence after stability/model review,Final predictive screening,,3.5482776478151394,,,,,,,,,Recharge Activity
date_of_last_rech_8_missing,Excluded,Redundant with preferred feature: no_recharge_count_8,Correlation redundancy,9.0,0.0,,,,,,,,,Recharge Activity
date_of_last_rech_data_6,Excluded,Insufficient predictive evidence after stability/model review,Final predictive screening,,74.97455311701995,,,,,,,,,Recharge Activity
date_of_last_rech_data_6_missing,Excluded,Redundant with preferred feature: vol_2g_mb_6,Correlation redundancy,3.0,0.0,,,,,,,,,Recharge Activity
date_of_last_rech_data_7,Excluded,Insufficient predictive evidence after stability/model review,Final predictive screening,,74.50847336559582,,,,,,,,,Recharge Activity
date_of_last_rech_data_7_missing,Excluded,Redundant with preferred feature: vol_2g_mb_7,Correlation redundancy,4.0,0.0,,,,,,,,,Recharge Activity
date_of_last_rech_data_8,Excluded,Insufficient predictive evidence after stability/model review,Final predictive screening,,73.76203146484758,,,,,,,,,Recharge Activity
date_of_last_rech_data_8_missing,Excluded,Redundant with preferred feature: total_rech_data_8_missing,Correlation redundancy,10.0,0.0,,,,,,,,,Recharge Activity
max_rech_amt_6,Excluded,Insufficient predictive evidence after stability/model review,Final predictive screening,,0.0,0.006787542794765233,199.0,0.5351314886038366,0.008478811771836674,0.0,0.0,,,Recharge Activity
max_rech_data_6,Excluded,Insufficient predictive evidence after stability/model review,Final predictive screening,,74.97455311701995,0.007330240137504385,195.0,0.5158892953464,0.0038521546062391552,0.0,0.0,,,Recharge Activity
max_rech_data_6_missing,Excluded,Redundant with preferred feature: vol_2g_mb_6,Correlation redundancy,3.0,0.0,,,,,,,,,Recharge Activity
max_rech_data_7,Excluded,Insufficient predictive evidence after stability/model review,Final predictive screening,,74.50847336559582,0.010137686782893063,168.0,0.518407167660349,0.002943854936665891,0.0,0.0,,,Recharge Activity
max_rech_data_7_missing,Excluded,Redundant with preferred feature: vol_2g_mb_7,Correlation redundancy,4.0,0.0,,,,,,,,,Recharge Activity
max_rech_data_8,Excluded,Insufficient predictive evidence after stability/model review,Final predictive screening,,73.76203146484758,0.017399071057017768,125.0,0.5098206389624685,0.0036714848044238123,0.0,0.0,,,Recharge Activity
max_rech_data_8_missing,Excluded,Redundant with preferred feature: total_rech_data_8_missing,Correlation redundancy,10.0,0.0,,,,,,,,,Recharge Activity
max_rech_data_avg_6_8,Excluded,Redundant with preferred feature: max_rech_data_max_6_8,Correlation redundancy,30.0,62.70111966285113,,,,,,,,,Recharge Activity
max_rech_data_change_6_to_8,Excluded,Redundant with preferred feature: max_rech_data_pct_change_6_to_8,Correlation redundancy,31.0,82.62647547277629,,,,,,,,,Recharge Activity
max_rech_data_max_6_8,Excluded,Insufficient predictive evidence after stability/model review,Final predictive screening,30.0,62.70111966285113,0.008512196514991244,178.0,0.5222372883235078,0.007646835464296709,0.0,0.0,,,Recharge Activity
max_rech_data_min_6_8,Excluded,Insufficient predictive evidence after stability/model review,Final predictive screening,,62.70111966285113,0.006558296148650777,201.0,0.5055124122778725,0.003361165469086942,0.0,0.0,,,Recharge Activity
max_rech_data_pct_change_6_to_8,Excluded,Insufficient predictive evidence after stability/model review,Final predictive screening,31.0,82.62647547277629,0.003536014635850737,236.0,0.5091409752790094,0.0018993218406747432,0.0,0.0,,,Recharge Activity
max_rech_data_std_6_8,Excluded,Insufficient predictive evidence after stability/model review,Final predictive screening,,62.70111966285113,0.0030159448897206786,239.0,0.5355879420742014,0.0024301934486245917,0.0,0.0,,,Recharge Activity
no_recharge_amt_6,Excluded,Insufficient predictive evidence after stability/model review,Final predictive screening,,0.0,0.002219152248103873,249.0,0.5248781003417153,0.004248248179624293,0.0,0.0,,,Recharge Activity
no_recharge_count_6,Excluded,Insufficient predictive evidence after stability/model review,Final predictive screening,7.0,0.0,0.001668891136309636,257.0,0.5138920818748691,0.0020418016490325102,0.0,0.0,,,Recharge Activity
no_recharge_count_7,Excluded,Insufficient predictive evidence after stability/model review,Final predictive screening,8.0,0.0,0.010153908306141934,167.0,0.5411484319685433,0.00429470547230206,0.0,0.0,,,Recharge Activity
recharge_amount_avg_6_8,Excluded,Redundant with preferred feature: arpu_avg_6_8,Correlation redundancy,12.0,0.0,,,,,,,,,Recharge Activity
recharge_amount_max_6_8,Excluded,Redundant with preferred feature: arpu_max_6_8,Correlation redundancy,13.0,0.0,,,,,,,,,Recharge Activity
recharge_count_avg_6_8,Excluded,Redundant with preferred feature: recharge_count_max_6_8,Correlation redundancy,14.0,0.0,,,,,,,,,Recharge Activity
recharge_count_max_6_8,Excluded,Insufficient predictive evidence after stability/model review,Final predictive screening,14.0,0.0,0.0050467057273615445,220.0,0.5275623361828016,0.005145973482506473,0.0,0.0,,,Recharge Activity
total_rech_amt_6,Excluded,Insufficient predictive evidence after stability/model review,Final predictive screening,,0.0,0.006901205186678361,198.0,0.5073075042803141,0.002092863181523979,0.0,0.0,,,Recharge Activity
total_rech_data_6,Excluded,Insufficient predictive evidence after stability/model review,Final predictive screening,,74.97455311701995,0.005501412020692653,212.0,0.5087732379834452,0.0051703564397955915,0.0,0.0,,,Recharge Activity
total_rech_data_6_missing,Excluded,Redundant with preferred feature: vol_2g_mb_6,Correlation redundancy,3.0,0.0,,,,,,,,,Recharge Activity
total_rech_data_7,Excluded,Insufficient predictive evidence after stability/model review,Final predictive screening,,74.50847336559582,0.009269592280349848,171.0,0.5081291416717855,0.003939776871434652,0.0,0.0,,,Recharge Activity
total_rech_data_7_missing,Excluded,Redundant with preferred feature: vol_2g_mb_7,Correlation redundancy,4.0,0.0,,,,,,,,,Recharge Activity
total_rech_data_avg_6_8,Excluded,Redundant with preferred feature: total_rech_data_max_6_8,Correlation redundancy,28.0,62.70111966285113,,,,,,,,,Recharge Activity
total_rech_data_change_6_to_8,Excluded,Redundant with preferred feature: total_rech_data_pct_change_6_to_8,Correlation redundancy,29.0,82.62647547277629,,,,,,,,,Recharge Activity
total_rech_data_max_6_8,Excluded,Insufficient predictive evidence after stability/model review,Final predictive screening,28.0,62.70111966285113,0.003598694320766649,233.0,0.5139033074850516,0.00706782677407157,0.0,0.0,,,Recharge Activity
total_rech_data_min_6_8,Excluded,Insufficient predictive evidence after stability/model review,Final predictive screening,,62.70111966285113,0.006029150906546876,206.0,0.5076578706631613,0.0017171366538923669,0.0,0.0,,,Recharge Activity
total_rech_data_pct_change_6_to_8,Excluded,Insufficient predictive evidence after stability/model review,Final predictive screening,29.0,82.62647547277629,0.003920595362684853,230.0,0.507284502826286,0.0032737009679830596,0.0,0.0,,,Recharge Activity
total_rech_data_std_6_8,Excluded,Insufficient predictive evidence after stability/model review,Final predictive screening,,62.70111966285113,0.005012471532560792,221.0,0.5459996923008438,0.0036288448976688494,1.0,0.2,,,Recharge Activity
total_rech_num_6,Excluded,Insufficient predictive evidence after stability/model review,Final predictive screening,,0.0,0.003551203368211464,235.0,0.5040761306179993,0.0013366830605336495,0.0,0.0,,,Recharge Activity
voice_rech_recency_6,Excluded,Insufficient predictive evidence after stability/model review,Final predictive screening,,1.6232432722012893,0.0017710607981269444,254.0,0.522107106752401,0.006324639097516058,0.0,0.0,,,Recharge Activity
voice_rech_recency_6_high_flag,Excluded,Insufficient predictive evidence after stability/model review,Final predictive screening,,0.0,0.005360210090591178,217.0,0.5109631002032767,0.006972378004602328,0.0,0.0,,,Recharge Activity
voice_rech_recency_7_high_flag,Excluded,Insufficient predictive evidence after stability/model review,Final predictive screening,,0.0,0.008055585707902324,185.0,0.5439742791753629,0.005980666694584645,2.0,0.4,,,Recharge Activity
ic_others_6,Excluded,Insufficient predictive evidence after stability/model review,Final predictive screening,,4.017928891587349,0.0007508139973801953,276.0,0.5247508762072103,0.007112445537890851,0.0,0.0,,,Voice / Call Behavior
ic_others_7,Excluded,Insufficient predictive evidence after stability/model review,Final predictive screening,,3.8804264361863607,0.0029648175669094723,240.0,0.5475283318237777,0.0032105808414542897,1.0,0.2,,,Voice / Call Behavior
isd_ic_mou_6,Excluded,Insufficient predictive evidence after stability/model review,Final predictive screening,,4.017928891587349,0.001953346752294083,251.0,0.507612445972371,0.003984271570830199,0.0,0.0,,,Voice / Call Behavior
isd_ic_mou_7,Excluded,Insufficient predictive evidence after stability/model review,Final predictive screening,,3.8804264361863607,0.0009679573946923536,270.0,0.5259474465296508,0.0033737703456452003,0.0,0.0,,,Voice / Call Behavior
isd_ic_mou_8_missing,Excluded,Redundant with preferred feature: spl_og_mou_8_missing,Correlation redundancy,11.0,0.0,,,,,,,,,Voice / Call Behavior
isd_ic_mou_avg_6_8,Excluded,Redundant with preferred feature: isd_ic_mou_std_6_8,Correlation redundancy,24.0,1.1071626279040698,,,,,,,,,Voice / Call Behavior
isd_ic_mou_change_6_to_8,Excluded,Insufficient predictive evidence after stability/model review,Final predictive screening,,8.084072929873749,0.008223106102319688,182.0,0.5199773499978073,0.001714004630068595,0.0,0.0,,,Voice / Call Behavior
isd_ic_mou_change_7_to_8,Excluded,Insufficient predictive evidence after stability/model review,Final predictive screening,,6.889408739441776,0.006572837238858487,200.0,0.5145071261043478,0.005432558101045079,0.0,0.0,,,Voice / Call Behavior
isd_ic_mou_max_6_8,Excluded,Redundant with preferred feature: isd_ic_mou_std_6_8,Correlation redundancy,24.0,1.1071626279040698,,,,,,,,,Voice / Call Behavior
isd_ic_mou_min_6_8,Excluded,Insufficient predictive evidence after stability/model review,Final predictive screening,,1.1071626279040698,0.0002835539927714681,287.0,0.5022004560823925,0.00025400617834467977,0.0,0.0,,,Voice / Call Behavior
isd_ic_mou_pct_change_6_to_8,Excluded,Insufficient predictive evidence after stability/model review,Final predictive screening,,85.1979499633922,0.004309625696691688,227.0,0.5171001512567794,0.003286206129136127,0.0,0.0,,,Voice / Call Behavior
isd_ic_mou_pct_change_7_to_8,Excluded,Insufficient predictive evidence after stability/model review,Final predictive screening,,84.23364702941124,0.003935664553015306,229.0,0.5139806551827817,0.0041938810406327775,0.0,0.0,,,Voice / Call Behavior
isd_ic_mou_std_6_8,Excluded,Insufficient predictive evidence after stability/model review,Final predictive screening,24.0,1.1071626279040698,0.006137881366365727,203.0,0.5479008762308661,0.004044494372611835,2.0,0.4,,,Voice / Call Behavior
isd_og_mou_6,Excluded,Insufficient predictive evidence after stability/model review,Final predictive screening,,4.017928891587349,0.0,303.0,,,,,,,Voice / Call Behavior
isd_og_mou_7,Excluded,Insufficient predictive evidence after stability/model review,Final predictive screening,,3.8804264361863607,0.0,304.0,,,,,,,Voice / Call Behavior
isd_og_mou_8,Excluded,Insufficient predictive evidence after stability/model review,Final predictive screening,,5.36616725298666,0.001031613656105712,267.0,0.5100948812452174,0.002372377685430887,0.0,0.0,,,Voice / Call Behavior
isd_og_mou_8_missing,Excluded,Redundant with preferred feature: spl_og_mou_8_missing,Correlation redundancy,11.0,0.0,,,,,,,,,Voice / Call Behavior
isd_og_mou_avg_6_8,Excluded,Redundant with preferred feature: isd_og_mou_std_6_8,Correlation redundancy,20.0,1.1071626279040698,,,,,,,,,Voice / Call Behavior
isd_og_mou_change_6_to_8,Excluded,Insufficient predictive evidence after stability/model review,Final predictive screening,,8.084072929873749,0.0032165917526001397,238.0,0.5021277990377365,0.001912600190890938,0.0,0.0,,,Voice / Call Behavior
isd_og_mou_change_7_to_8,Excluded,Insufficient predictive evidence after stability/model review,Final predictive screening,,6.889408739441776,0.0005983699937752718,281.0,0.5025675579729307,0.0024419344892052837,0.0,0.0,,,Voice / Call Behavior
isd_og_mou_max_6_8,Excluded,Redundant with preferred feature: isd_og_mou_std_6_8,Correlation redundancy,20.0,1.1071626279040698,,,,,,,,,Voice / Call Behavior
isd_og_mou_min_6_8,Excluded,Insufficient predictive evidence after stability/model review,Final predictive screening,,1.1071626279040698,0.0,299.0,,,,,,,Voice / Call Behavior
isd_og_mou_pct_change_6_to_8,Excluded,Insufficient predictive evidence after stability/model review,Final predictive screening,,95.48563367202986,0.0008999573124908178,271.0,0.5049587715775073,0.0014163341550317014,0.0,0.0,,,Voice / Call Behavior
isd_og_mou_pct_change_7_to_8,Excluded,Insufficient predictive evidence after stability/model review,Final predictive screening,,95.73385239022126,0.0016148904227579752,258.0,0.5032504642910093,0.001731955789127316,0.0,0.0,,,Voice / Call Behavior
isd_og_mou_std_6_8,Excluded,Insufficient predictive evidence after stability/model review,Final predictive screening,20.0,1.1071626279040698,0.002415860144799664,246.0,0.5114504927814327,0.0033256014275427023,0.0,0.0,,,Voice / Call Behavior
loc_ic_mou_8_missing,Excluded,Redundant with preferred feature: spl_og_mou_8_missing,Correlation redundancy,11.0,0.0,,,,,,,,,Voice / Call Behavior
loc_ic_mou_avg_6_8,Excluded,Redundant with preferred feature: loc_ic_mou_max_6_8,Correlation redundancy,22.0,1.1071626279040698,,,,,,,,,Voice / Call Behavior
loc_ic_t2f_mou_8_missing,Excluded,Redundant with preferred feature: spl_og_mou_8_missing,Correlation redundancy,11.0,0.0,,,,,,,,,Voice / Call Behavior
loc_ic_t2m_mou_8_missing,Excluded,Redundant with preferred feature: spl_og_mou_8_missing,Correlation redundancy,11.0,0.0,,,,,,,,,Voice / Call Behavior
loc_ic_t2o_mou,Excluded,Insufficient predictive evidence after stability/model review,Final predictive screening,,1.0250183038982839,0.0009786609855140238,269.0,,,0.0,0.0,,,Voice / Call Behavior
loc_ic_t2t_mou_8_missing,Excluded,Redundant with preferred feature: spl_og_mou_8_missing,Correlation redundancy,11.0,0.0,,,,,,,,,Voice / Call Behavior
loc_og_mou_8_missing,Excluded,Redundant with preferred feature: spl_og_mou_8_missing,Correlation redundancy,11.0,0.0,,,,,,,,,Voice / Call Behavior
loc_og_mou_avg_6_8,Excluded,Redundant with preferred feature: loc_og_mou_max_6_8,Correlation redundancy,18.0,1.1071626279040698,,,,,,,,,Voice / Call Behavior
loc_og_t2c_mou_6,Excluded,Insufficient predictive evidence after stability/model review,Final predictive screening,,4.017928891587349,0.0,307.0,,,,,,,Voice / Call Behavior
loc_og_t2c_mou_7,Excluded,Insufficient predictive evidence after stability/model review,Final predictive screening,,3.8804264361863607,0.0024667562742957116,245.0,0.5129535466170545,0.005091900068262847,0.0,0.0,,,Voice / Call Behavior
loc_og_t2c_mou_8_missing,Excluded,Redundant with preferred feature: spl_og_mou_8_missing,Correlation redundancy,11.0,0.0,,,,,,,,,Voice / Call Behavior
loc_og_t2f_mou_8_missing,Excluded,Redundant with preferred feature: spl_og_mou_8_missing,Correlation redundancy,11.0,0.0,,,,,,,,,Voice / Call Behavior
loc_og_t2m_mou_8_missing,Excluded,Redundant with preferred feature: spl_og_mou_8_missing,Correlation redundancy,11.0,0.0,,,,,,,,,Voice / Call Behavior
loc_og_t2o_mou,Excluded,Insufficient predictive evidence after stability/model review,Final predictive screening,,1.0250183038982839,9.005491842817293e-05,291.0,,,0.0,0.0,,,Voice / Call Behavior
loc_og_t2t_mou_8_missing,Excluded,Redundant with preferred feature: spl_og_mou_8_missing,Correlation redundancy,11.0,0.0,,,,,,,,,Voice / Call Behavior
offnet_mou_6,Excluded,Insufficient predictive evidence after stability/model review,Final predictive screening,,4.017928891587349,0.00793816236258138,187.0,0.513331053705405,0.0032230181548790777,0.0,0.0,,,Voice / Call Behavior
offnet_mou_8_missing,Excluded,Redundant with preferred feature: spl_og_mou_8_missing,Correlation redundancy,11.0,0.0,,,,,,,,,Voice / Call Behavior
og_others_6,Excluded,Insufficient predictive evidence after stability/model review,Final predictive screening,,4.017928891587349,0.0,302.0,,,,,,,Voice / Call Behavior
og_others_7,Excluded,Insufficient predictive evidence after stability/model review,Final predictive screening,,3.8804264361863607,0.00039639299036231535,286.0,0.5012248018388626,0.00044467098746489125,0.0,0.0,,,Voice / Call Behavior
og_others_8,Excluded,Insufficient predictive evidence after stability/model review,Final predictive screening,,5.36616725298666,4.209307596036993e-05,292.0,0.5018715332272669,0.0004128090969680602,0.0,0.0,,,Voice / Call Behavior
onnet_mou_6,Excluded,Insufficient predictive evidence after stability/model review,Final predictive screening,,4.017928891587349,0.010249985229731973,165.0,0.538475840730041,0.006750113308529853,1.0,0.2,,,Voice / Call Behavior
onnet_mou_7,Excluded,Insufficient predictive evidence after stability/model review,Final predictive screening,,3.8804264361863607,0.03173336942104643,94.0,0.5271461887218918,0.008321150961052126,0.0,0.0,,,Voice / Call Behavior
onnet_mou_8_missing,Excluded,Redundant with preferred feature: spl_og_mou_8_missing,Correlation redundancy,11.0,0.0,,,,,,,,,Voice / Call Behavior
roam_ic_mou_6,Excluded,Insufficient predictive evidence after stability/model review,Final predictive screening,,4.017928891587349,0.002943061085572962,241.0,0.549939865110777,0.006158338189086433,2.0,0.4,,,Voice / Call Behavior
roam_ic_mou_8_missing,Excluded,Redundant with preferred feature: spl_og_mou_8_missing,Correlation redundancy,11.0,0.0,,,,,,,,,Voice / Call Behavior
roam_ic_mou_avg_6_8,Excluded,Redundant with preferred feature: roam_ic_mou_std_6_8,Correlation redundancy,25.0,1.1071626279040698,,,,,,,,,Voice / Call Behavior
roam_ic_mou_change_7_to_8,Excluded,Insufficient predictive evidence after stability/model review,Final predictive screening,,6.889408739441776,0.008657357035746882,177.0,0.5275461702869683,0.007946470090743899,0.0,0.0,,,Voice / Call Behavior
roam_ic_mou_max_6_8,Excluded,Redundant with preferred feature: roam_ic_mou_std_6_8,Correlation redundancy,25.0,1.1071626279040698,,,,,,,,,Voice / Call Behavior
roam_ic_mou_pct_change_6_to_8,Excluded,Redundant with preferred feature: roam_ic_mou_8,Correlation redundancy,1.0,81.61217164592225,,,,,,,,,Voice / Call Behavior
roam_og_mou_8_missing,Excluded,Redundant with preferred feature: spl_og_mou_8_missing,Correlation redundancy,11.0,0.0,,,,,,,,,Voice / Call Behavior
roam_og_mou_avg_6_8,Excluded,Redundant with preferred feature: roam_og_mou_std_6_8,Correlation redundancy,21.0,1.1071626279040698,,,,,,,,,Voice / Call Behavior
roam_og_mou_change_7_to_8,Excluded,Insufficient predictive evidence after stability/model review,Final predictive screening,,6.889408739441776,0.008205361903951491,183.0,0.5251837823731915,0.008257922347700534,0.0,0.0,,,Voice / Call Behavior
roam_og_mou_max_6_8,Excluded,Redundant with preferred feature: roam_og_mou_std_6_8,Correlation redundancy,21.0,1.1071626279040698,,,,,,,,,Voice / Call Behavior
roam_og_mou_pct_change_6_to_8,Excluded,Redundant with preferred feature: roam_og_mou_8,Correlation redundancy,2.0,81.59074269183378,,,,,,,,,Voice / Call Behavior
spl_ic_mou_6,Excluded,Insufficient predictive evidence after stability/model review,Final predictive screening,,4.017928891587349,0.0007556342939263327,275.0,0.5288339017383596,0.00404905742978595,0.0,0.0,,,Voice / Call Behavior
spl_ic_mou_7,Excluded,Insufficient predictive evidence after stability/model review,Final predictive screening,,3.8804264361863607,0.0015715905898130433,260.0,0.5232801675386161,0.0030526911987308666,0.0,0.0,,,Voice / Call Behavior
spl_ic_mou_8_missing,Excluded,Redundant with preferred feature: spl_og_mou_8_missing,Correlation redundancy,11.0,0.0,,,,,,,,,Voice / Call Behavior
spl_og_mou_6,Excluded,Insufficient predictive evidence after stability/model review,Final predictive screening,,4.017928891587349,0.0026340956063923837,243.0,0.5070763450013811,0.005944420931833099,0.0,0.0,,,Voice / Call Behavior
std_ic_mou_6,Excluded,Insufficient predictive evidence after stability/model review,Final predictive screening,,4.017928891587349,0.00790376496041234,188.0,0.5187529465168466,0.004231386313294357,0.0,0.0,,,Voice / Call Behavior
std_ic_mou_7,Excluded,Insufficient predictive evidence after stability/model review,Final predictive screening,,3.8804264361863607,0.027483120515546133,102.0,0.5402555812171391,0.0090729231993638,1.0,0.2,,,Voice / Call Behavior
std_ic_mou_8_missing,Excluded,Redundant with preferred feature: spl_og_mou_8_missing,Correlation redundancy,11.0,0.0,,,,,,,,,Voice / Call Behavior
std_ic_mou_avg_6_8,Excluded,Redundant with preferred feature: std_ic_mou_max_6_8,Correlation redundancy,23.0,1.1071626279040698,,,,,,,,,Voice / Call Behavior
std_ic_mou_max_6_8,Excluded,Insufficient predictive evidence after stability/model review,Final predictive screening,23.0,1.1071626279040698,0.01508009119948106,133.0,0.531715696121883,0.0046293729892156925,0.0,0.0,,,Voice / Call Behavior
std_ic_t2f_mou_8_missing,Excluded,Redundant with preferred feature: spl_og_mou_8_missing,Correlation redundancy,11.0,0.0,,,,,,,,,Voice / Call Behavior
std_ic_t2m_mou_6,Excluded,Insufficient predictive evidence after stability/model review,Final predictive screening,,4.017928891587349,0.007707039546585692,190.0,0.5223521843595327,0.003405677265849734,0.0,0.0,,,Voice / Call Behavior
std_ic_t2m_mou_7,Excluded,Insufficient predictive evidence after stability/model review,Final predictive screening,,3.8804264361863607,0.02720159897297658,105.0,0.5323500316104786,0.006516830888122471,0.0,0.0,,,Voice / Call Behavior
std_ic_t2m_mou_8_missing,Excluded,Redundant with preferred feature: spl_og_mou_8_missing,Correlation redundancy,11.0,0.0,,,,,,,,,Voice / Call Behavior
std_ic_t2o_mou_6,Excluded,Insufficient predictive evidence after stability/model review,Final predictive screening,,4.017928891587349,0.0010923514901237663,266.0,,,0.0,0.0,,,Voice / Call Behavior
std_ic_t2o_mou_7,Excluded,Insufficient predictive evidence after stability/model review,Final predictive screening,,3.8804264361863607,0.0,301.0,,,,,,,Voice / Call Behavior
std_ic_t2o_mou_8,Excluded,Insufficient predictive evidence after stability/model review,Final predictive screening,,5.36616725298666,0.0,296.0,,,,,,,Voice / Call Behavior
std_ic_t2o_mou_8_missing,Excluded,Redundant with preferred feature: spl_og_mou_8_missing,Correlation redundancy,11.0,0.0,,,,,,,,,Voice / Call Behavior
std_ic_t2t_mou_6,Excluded,Insufficient predictive evidence after stability/model review,Final predictive screening,,4.017928891587349,0.0007767889546896889,274.0,0.5203058889500168,0.0059707403729707224,0.0,0.0,,,Voice / Call Behavior
std_ic_t2t_mou_7,Excluded,Insufficient predictive evidence after stability/model review,Final predictive screening,,3.8804264361863607,0.004361848188826123,226.0,0.5385955548967057,0.008798949701833233,1.0,0.2,,,Voice / Call Behavior
std_ic_t2t_mou_8_missing,Excluded,Redundant with preferred feature: spl_og_mou_8_missing,Correlation redundancy,11.0,0.0,,,,,,,,,Voice / Call Behavior
std_og_mou_7,Excluded,Insufficient predictive evidence after stability/model review,Final predictive screening,,3.8804264361863607,0.029210113613064248,100.0,0.517188242360941,0.008621288130492264,0.0,0.0,,,Voice / Call Behavior
std_og_mou_8_missing,Excluded,Redundant with preferred feature: spl_og_mou_8_missing,Correlation redundancy,11.0,0.0,,,,,,,,,Voice / Call Behavior
std_og_mou_avg_6_8,Excluded,Redundant with preferred feature: std_og_mou_std_6_8,Correlation redundancy,19.0,1.1071626279040698,,,,,,,,,Voice / Call Behavior
std_og_mou_max_6_8,Excluded,Redundant with preferred feature: std_og_mou_std_6_8,Correlation redundancy,19.0,1.1071626279040698,,,,,,,,,Voice / Call Behavior
std_og_mou_min_6_8,Excluded,Insufficient predictive evidence after stability/model review,Final predictive screening,,1.1071626279040698,0.01257904811798638,153.0,0.5246456031888935,0.005319655424500113,0.0,0.0,,,Voice / Call Behavior
std_og_mou_std_6_8,Excluded,Insufficient predictive evidence after stability/model review,Final predictive screening,19.0,1.1071626279040698,0.026778834762674508,106.0,0.536703167761549,0.006566310985220256,0.0,0.0,,,Voice / Call Behavior
std_og_t2c_mou_6,Excluded,Insufficient predictive evidence after stability/model review,Final predictive screening,,4.017928891587349,0.0002510685743264407,289.0,,,0.0,0.0,,,Voice / Call Behavior
std_og_t2c_mou_7,Excluded,Insufficient predictive evidence after stability/model review,Final predictive screening,,3.8804264361863607,0.00044752376638901303,285.0,,,0.0,0.0,,,Voice / Call Behavior
std_og_t2c_mou_8,Excluded,Insufficient predictive evidence after stability/model review,Final predictive screening,,5.36616725298666,0.0,305.0,,,,,,,Voice / Call Behavior
std_og_t2c_mou_8_missing,Excluded,Redundant with preferred feature: spl_og_mou_8_missing,Correlation redundancy,11.0,0.0,,,,,,,,,Voice / Call Behavior
std_og_t2f_mou_6,Excluded,Insufficient predictive evidence after stability/model review,Final predictive screening,,4.017928891587349,0.0,306.0,,,,,,,Voice / Call Behavior
std_og_t2f_mou_7,Excluded,Insufficient predictive evidence after stability/model review,Final predictive screening,,3.8804264361863607,0.0019194120338883458,252.0,0.5331565241376536,0.001608833351860081,0.0,0.0,,,Voice / Call Behavior
std_og_t2f_mou_8,Excluded,Insufficient predictive evidence after stability/model review,Final predictive screening,,5.36616725298666,0.004088555281832829,228.0,0.5467014519993981,0.004209170842904389,1.0,0.2,,,Voice / Call Behavior
std_og_t2f_mou_8_missing,Excluded,Redundant with preferred feature: spl_og_mou_8_missing,Correlation redundancy,11.0,0.0,,,,,,,,,Voice / Call Behavior
std_og_t2m_mou_7,Excluded,Insufficient predictive evidence after stability/model review,Final predictive screening,,3.8804264361863607,0.02734482062160204,103.0,0.5139352562245043,0.008332629123962577,0.0,0.0,,,Voice / Call Behavior
std_og_t2m_mou_8_missing,Excluded,Redundant with preferred feature: spl_og_mou_8_missing,Correlation redundancy,11.0,0.0,,,,,,,,,Voice / Call Behavior
std_og_t2o_mou,Excluded,Insufficient predictive evidence after stability/model review,Final predictive screening,,1.0250183038982839,0.0005679853968270088,283.0,,,0.0,0.0,,,Voice / Call Behavior
std_og_t2t_mou_7,Excluded,Insufficient predictive evidence after stability/model review,Final predictive screening,,3.8804264361863607,0.00018844895584035903,290.0,0.5153834750617641,0.0063017797480635525,0.0,0.0,,,Voice / Call Behavior
std_og_t2t_mou_8_missing,Excluded,Redundant with preferred feature: spl_og_mou_8_missing,Correlation redundancy,11.0,0.0,,,,,,,,,Voice / Call Behavior
total_ic_mou_8_missing,Excluded,Constant feature,Constant screening,,,,,,,,,,,Voice / Call Behavior
total_ic_mou_avg_6_8,Excluded,Redundant with preferred feature: total_ic_mou_max_6_8,Correlation redundancy,17.0,0.0,,,,,,,,,Voice / Call Behavior
total_ic_mou_std_6_8,Excluded,Insufficient predictive evidence after stability/model review,Final predictive screening,,0.0,0.025392907399253373,109.0,0.5486307202539231,0.012267878803213835,3.0,0.6,,,Voice / Call Behavior
total_og_mou_6,Excluded,Insufficient predictive evidence after stability/model review,Final predictive screening,,0.0,0.01276723810111191,150.0,0.5260137017876951,0.004612468552790867,0.0,0.0,,,Voice / Call Behavior
total_og_mou_8_missing,Excluded,Constant feature,Constant screening,,,,,,,,,,,Voice / Call Behavior
total_og_mou_avg_6_8,Excluded,Redundant with preferred feature: total_og_mou_max_6_8,Correlation redundancy,16.0,0.0,,,,,,,,,Voice / Call Behavior
total_og_mou_max_6_8,Excluded,Insufficient predictive evidence after stability/model review,Final predictive screening,16.0,0.0,0.022087715974438593,117.0,0.5472990173597354,0.004597046101317121,2.0,0.4,,,Voice / Call Behavior
total_activity_6,Retained,"Survived quality, redundancy and predictive-evidence screening",Final selection,,0.0,0.010701915188448652,163.0,0.5586332889023334,0.005715455402178123,4.0,0.8,0.00047229957287209245,4.5208486183611035e-05,Activity Signal
total_activity_7,Retained,"Survived quality, redundancy and predictive-evidence screening",Final selection,,0.0,0.0422794375739588,74.0,0.688918066369821,0.007156199809965305,5.0,1.0,0.0002161370926702988,5.44004298269972e-05,Activity Signal
total_activity_8,Retained,"Survived quality, redundancy and predictive-evidence screening",Final selection,,0.0,0.13499487441309688,1.0,0.8635396859303149,0.005317550622940467,5.0,1.0,0.0026332764921578765,0.0003614574553382116,Activity Signal
behavioral_decline_count,Retained,"Survived quality, redundancy and predictive-evidence screening",Final selection,,0.0,0.02396376734246841,113.0,0.6828120046665163,0.006905820685571446,5.0,1.0,1.1349335576227304e-05,4.939582393855126e-06,Behavioral Trend
total_activity_trend_score,Retained,"Survived quality, redundancy and predictive-evidence screening",Final selection,,0.0,0.04883665809021687,62.0,0.6779261019404512,0.006002565227322756,5.0,1.0,0.0,0.0,Behavioral Trend
aon,Retained,"Survived quality, redundancy and predictive-evidence screening",Final selection,6.0,0.0,0.012745951441771375,151.0,0.6359412268683451,0.010407125969451269,5.0,1.0,0.0013873673822691669,9.56378234375934e-05,Customer Tenure
arpu_7,Retained,"Survived quality, redundancy and predictive-evidence screening",Final selection,,0.0,0.02417521204877482,112.0,0.6231411469497493,0.006460993297122647,5.0,1.0,0.0002876638536301046,2.1235447214165134e-05,Customer Value
arpu_8,Retained,"Survived quality, redundancy and predictive-evidence screening",Final selection,,0.0,0.08903422653992821,30.0,0.7947390870325969,0.007078235105444389,5.0,1.0,0.0004285070900434507,2.684884657154953e-05,Customer Value
arpu_avg_6_8,Retained,"Survived quality, redundancy and predictive-evidence screening",Final selection,12.0,0.0,0.016834436859164414,128.0,0.6177755229454444,0.006142441053305748,5.0,1.0,0.00019017104294398733,6.910767543439135e-06,Customer Value
arpu_change_6_to_8,Retained,"Survived quality, redundancy and predictive-evidence screening",Final selection,,0.0,0.04332686962848942,72.0,0.7252774275227468,0.009125355040663917,5.0,1.0,0.00044563199774600993,3.5000237483835376e-05,Customer Value
arpu_change_7_to_8,Retained,"Survived quality, redundancy and predictive-evidence screening",Final selection,,0.0,0.051566915174555916,56.0,0.6667855920253581,0.0064329437318242635,5.0,1.0,0.0010660014796421314,8.862715003596253e-05,Customer Value
arpu_min_6_8,Retained,"Survived quality, redundancy and predictive-evidence screening",Final selection,,0.0,0.06846243692489073,50.0,0.7889176891053389,0.008162067688703237,5.0,1.0,9.048716662600765e-05,2.561076873181534e-05,Customer Value
arpu_pct_change_6_to_8,Retained,"Survived quality, redundancy and predictive-evidence screening",Final selection,,3.7786389042661477,0.09337136108459854,26.0,0.7824410378854525,0.008776160643501327,5.0,1.0,2.312150837964211e-05,2.1122860092469877e-05,Customer Value
arpu_pct_change_7_to_8,Retained,"Survived quality, redundancy and predictive-evidence screening",Final selection,,3.8357827818353902,0.08885586805556289,31.0,0.7281509317010315,0.008263449428309031,5.0,1.0,0.0002477537853422751,4.027865428410132e-05,Customer Value
arpu_recent_vs_baseline,Retained,"Survived quality, redundancy and predictive-evidence screening",Final selection,,0.0,0.04554846367851639,66.0,0.7425556009535531,0.009382745503426996,5.0,1.0,0.00016082229539986502,3.65956065616446e-05,Customer Value
arpu_recent_vs_baseline_pct,Retained,"Survived quality, redundancy and predictive-evidence screening",Final selection,,0.0,0.09866901141711515,21.0,0.7963570369153274,0.008905408763486585,5.0,1.0,0.00011049505542328752,1.742050189565331e-05,Customer Value
arpu_std_6_8,Retained,"Survived quality, redundancy and predictive-evidence screening",Final selection,,0.0,0.01860794741775007,122.0,0.6770208388334694,0.003455558615503562,5.0,1.0,0.0012887790387671404,0.00016683454366843323,Customer Value
arpu_trend_score,Retained,"Survived quality, redundancy and predictive-evidence screening",Final selection,,0.0,0.03974934857571033,82.0,0.669839000893391,0.008271630782707345,5.0,1.0,3.6142972990727e-05,1.6704779616431323e-05,Customer Value
recharge_value_per_transaction_8,Retained,"Survived quality, redundancy and predictive-evidence screening",Final selection,15.0,3.5482776478151394,0.07405610832870835,45.0,0.7005904971671044,0.006848705309680822,5.0,1.0,0.00022499745456807662,3.1753631274662e-05,Customer Value
aug_vbc_3g,Retained,"Survived quality, redundancy and predictive-evidence screening",Final selection,,0.0,0.0057166065615992245,209.0,0.558945290836791,0.0023976505549151363,5.0,1.0,0.00010184611213917005,5.534469919885622e-05,Data Engagement
sachet_2g_8,Retained,"Survived quality, redundancy and predictive-evidence screening",Final selection,,0.0,0.005440601859702632,215.0,0.5523060003266045,0.0018468284363130638,5.0,1.0,0.0,0.0,Data Engagement
vol_2g_mb_8,Retained,"Survived quality, redundancy and predictive-evidence screening",Final selection,5.0,0.0,0.013087417540422974,149.0,0.5937231694113512,0.0028778479478850936,5.0,1.0,6.640466454976846e-06,2.739446332675167e-05,Data Engagement
vol_2g_mb_change_6_to_8,Retained,"Survived quality, redundancy and predictive-evidence screening",Final selection,,0.0,0.005951683954210862,207.0,0.5617132337129396,0.007670604592990229,5.0,1.0,7.832098640725427e-06,6.750664381372622e-06,Data Engagement
vol_2g_mb_min_6_8,Retained,"Survived quality, redundancy and predictive-evidence screening",Final selection,,0.0,0.006958790739316045,197.0,0.5582559294355914,0.0020767911887772,5.0,1.0,9.965504650910617e-06,6.734406327226602e-06,Data Engagement
vol_2g_mb_pct_change_6_to_8,Retained,"Survived quality, redundancy and predictive-evidence screening",Final selection,,77.8103180413936,0.010810016674591472,162.0,0.5731553118207581,0.005406955854411606,5.0,1.0,9.28512111236568e-05,3.0360551491120536e-05,Data Engagement
vol_3g_mb_8,Retained,"Survived quality, redundancy and predictive-evidence screening",Final selection,,0.0,0.008185101276488638,184.0,0.5647053177911648,0.003592459612391856,5.0,1.0,0.0001931885631564212,6.482938988399573e-05,Data Engagement
last_day_rch_amt_7,Retained,"Survived quality, redundancy and predictive-evidence screening",Final selection,,0.0,0.013325279920591848,148.0,0.6297041065622485,0.007642400075958522,5.0,1.0,0.0007185494030764961,2.2820482454294507e-05,Original / Other
last_day_rch_amt_8,Retained,"Survived quality, redundancy and predictive-evidence screening",Final selection,,0.0,0.05671138824388278,54.0,0.7582586202898407,0.005350403682112397,5.0,1.0,0.004777214993173895,0.00011246463963855995,Original / Other
av_rech_amt_data_std_6_8,Retained,"Survived quality, redundancy and predictive-evidence screening",Final selection,,62.70111966285113,0.0052728037815577,219.0,0.5506608260961536,0.009019171160179218,3.0,0.6,3.8122620009128916e-05,1.062537491853395e-05,Recharge Activity
max_rech_amt_7,Retained,"Survived quality, redundancy and predictive-evidence screening",Final selection,,0.0,0.022235599730591193,116.0,0.6407858916947351,0.0075411959776161075,5.0,1.0,0.0003333591039811123,2.819383220873437e-05,Recharge Activity
max_rech_amt_8,Retained,"Survived quality, redundancy and predictive-evidence screening",Final selection,,0.0,0.07368552412281004,46.0,0.775992263555046,0.006147230642051934,5.0,1.0,0.00020721907115068828,2.1415321417628353e-05,Recharge Activity
no_recharge_amt_7,Retained,"Survived quality, redundancy and predictive-evidence screening",Final selection,,0.0,0.01692132028176463,127.0,0.6142919039937934,0.005603482762870938,5.0,1.0,0.0,0.0,Recharge Activity
no_recharge_amt_8,Retained,"Survived quality, redundancy and predictive-evidence screening",Final selection,,0.0,0.06883746287850467,49.0,0.7507057917946155,0.004936251368770679,5.0,1.0,0.0,0.0,Recharge Activity
no_recharge_count_8,Retained,"Survived quality, redundancy and predictive-evidence screening",Final selection,9.0,0.0,0.026066364354175864,107.0,0.5895231422847927,0.0007271275020832674,5.0,1.0,-1.1541534315639978e-05,3.978560335695341e-07,Recharge Activity
recharge_amount_min_6_8,Retained,"Survived quality, redundancy and predictive-evidence screening",Final selection,,0.0,0.05129674190445144,58.0,0.7605292699191277,0.005497238368482438,5.0,1.0,0.0002241421701766555,2.8179465170939513e-05,Recharge Activity
recharge_amount_recent_vs_baseline,Retained,"Survived quality, redundancy and predictive-evidence screening",Final selection,,0.0,0.03974515340571094,83.0,0.7297480389815261,0.008808417285911469,5.0,1.0,0.00015674768211935142,3.615933888415736e-05,Recharge Activity
recharge_amount_recent_vs_baseline_pct,Retained,"Survived quality, redundancy and predictive-evidence screening",Final selection,,0.7821568242290041,0.07765913521422463,40.0,0.7795206096715372,0.006240973575172555,5.0,1.0,0.000147358773687567,2.9515062517769598e-05,Recharge Activity
recharge_amount_std_6_8,Retained,"Survived quality, redundancy and predictive-evidence screening",Final selection,,0.0,0.027248703401508756,104.0,0.6237146221222734,0.004173839505291843,5.0,1.0,0.0001286386164460529,1.8540240994481924e-05,Recharge Activity
recharge_amount_trend_score,Retained,"Survived quality, redundancy and predictive-evidence screening",Final selection,,0.0,0.03517956646438747,88.0,0.6857240604800003,0.006377780254380884,5.0,1.0,2.9761974834485726e-05,1.4354704847002741e-05,Recharge Activity
recharge_amt_change_6_to_8,Retained,"Survived quality, redundancy and predictive-evidence screening",Final selection,,0.0,0.04217887872837123,75.0,0.7201779284582744,0.008897637961387145,5.0,1.0,0.0001587657688856492,1.3981431230218123e-05,Recharge Activity
recharge_amt_change_7_to_8,Retained,"Survived quality, redundancy and predictive-evidence screening",Final selection,,0.0,0.044347218550101486,68.0,0.6553726168082307,0.00578519966251489,5.0,1.0,0.0001132819371481908,1.227842359768311e-05,Recharge Activity
recharge_amt_pct_change_6_to_8,Retained,"Survived quality, redundancy and predictive-evidence screening",Final selection,,11.23412918087823,0.07445356719403273,44.0,0.7777944010199249,0.007834433102005179,5.0,1.0,0.00026062149096164335,2.1564835628135317e-05,Recharge Activity
recharge_amt_pct_change_7_to_8,Retained,"Survived quality, redundancy and predictive-evidence screening",Final selection,,11.787710494830266,0.06655173049553809,51.0,0.7061230122692341,0.004221846019065126,5.0,1.0,0.0003684161540927766,5.192358958655094e-05,Recharge Activity
recharge_count_min_6_8,Retained,"Survived quality, redundancy and predictive-evidence screening",Final selection,,0.0,0.0333410934050411,92.0,0.7099349485726905,0.006852350574206144,5.0,1.0,0.00012251708658821413,1.1855227393443165e-05,Recharge Activity
recharge_count_recent_vs_baseline,Retained,"Survived quality, redundancy and predictive-evidence screening",Final selection,,0.0,0.025161983601829974,111.0,0.6869932484766306,0.0034295299970942767,5.0,1.0,0.00012411233612725782,3.102420474918466e-05,Recharge Activity
recharge_count_recent_vs_baseline_pct,Retained,"Survived quality, redundancy and predictive-evidence screening",Final selection,,0.10000178574617405,0.0481013670926278,63.0,0.718216045628389,0.004342956523593214,5.0,1.0,4.0803792427279714e-05,8.510487704417248e-06,Recharge Activity
recharge_count_std_6_8,Retained,"Survived quality, redundancy and predictive-evidence screening",Final selection,,0.0,0.008998718199159095,174.0,0.5946929329923971,0.005773993481047426,5.0,1.0,0.0010374503568675308,0.00021218925699549956,Recharge Activity
recharge_count_trend_score,Retained,"Survived quality, redundancy and predictive-evidence screening",Final selection,,0.0,0.013626127802762289,139.0,0.6290779501481384,0.005681385072513348,5.0,1.0,4.995245243442081e-05,4.485854351990862e-06,Recharge Activity
recharge_num_change_6_to_8,Retained,"Survived quality, redundancy and predictive-evidence screening",Final selection,,0.0,0.02301645430240362,114.0,0.6771597182551614,0.002990597449488053,5.0,1.0,0.00045530439931873445,2.6737228064110936e-05,Recharge Activity
recharge_num_pct_change_6_to_8,Retained,"Survived quality, redundancy and predictive-evidence screening",Final selection,,1.6232432722012893,0.049343693856507054,60.0,0.704173534614619,0.004994609559857068,5.0,1.0,0.000404645616516297,2.3695298611470043e-05,Recharge Activity
total_rech_amt_7,Retained,"Survived quality, redundancy and predictive-evidence screening",Final selection,,0.0,0.022913227345508824,115.0,0.6306091086637211,0.0074205753274417694,5.0,1.0,7.712935422050648e-05,2.171108729382335e-05,Recharge Activity
total_rech_amt_8,Retained,"Survived quality, redundancy and predictive-evidence screening",Final selection,,0.0,0.07311434696921926,47.0,0.7944222431529933,0.006061804837720412,5.0,1.0,7.525541650903467e-05,1.0311036956758514e-05,Recharge Activity
total_rech_data_8,Retained,"Survived quality, redundancy and predictive-evidence screening",Final selection,,73.76203146484758,0.0106260621343095,164.0,0.5552479609001557,0.0021589888899913117,5.0,1.0,0.00035467394420802824,8.997159272532513e-05,Recharge Activity
total_rech_data_8_missing,Retained,"Survived quality, redundancy and predictive-evidence screening",Final selection,10.0,0.0,0.02065872384579337,120.0,0.5996315537968291,0.002774931611053822,5.0,1.0,3.9650599989338176e-05,1.0680155555743905e-05,Recharge Activity
total_rech_num_7,Retained,"Survived quality, redundancy and predictive-evidence screening",Final selection,,0.0,0.01381631420671292,137.0,0.6019315687246227,0.00615425678433763,5.0,1.0,0.00017642883305923895,2.9245256681143295e-05,Recharge Activity
total_rech_num_8,Retained,"Survived quality, redundancy and predictive-evidence screening",Final selection,,0.0,0.03987594230995084,81.0,0.7337783121167823,0.006571875297759368,5.0,1.0,0.0009271763299949276,3.733333001376584e-05,Recharge Activity
voice_rech_recency_7,Retained,"Survived quality, redundancy and predictive-evidence screening",Final selection,,1.757174235254201,0.013451955792765036,145.0,0.5828043151681872,0.005094818516178459,5.0,1.0,0.0004503312569303919,1.9899842992512276e-05,Recharge Activity
voice_rech_recency_8,Retained,"Survived quality, redundancy and predictive-evidence screening",Final selection,,3.5482776478151394,0.03100286953994158,95.0,0.6397139808361875,0.004690843664525307,5.0,1.0,0.009988626159084645,0.00041433470413393425,Recharge Activity
voice_rech_recency_8_high_flag,Retained,"Survived quality, redundancy and predictive-evidence screening",Final selection,,0.0,0.009634312676468637,170.0,0.5705291662096211,0.005210393074031365,5.0,1.0,0.0,0.0,Recharge Activity
total_activity_change_6_to_8,Retained,"Survived quality, redundancy and predictive-evidence screening",Final selection,,0.0,0.061437016072539485,52.0,0.7225295992892589,0.007360153175986908,5.0,1.0,0.00030850780694477995,2.1182786291830547e-05,Temporal Change
total_activity_change_7_to_8,Retained,"Survived quality, redundancy and predictive-evidence screening",Final selection,,0.0,0.08265216332836345,37.0,0.6678169486607397,0.006254587946828227,5.0,1.0,0.0002997147146058587,8.762692342723877e-06,Temporal Change
total_activity_pct_change_6_to_8,Retained,"Survived quality, redundancy and predictive-evidence screening",Final selection,,6.842979338916766,0.1256724062875203,7.0,0.8007731813988512,0.0038848502900348724,5.0,1.0,0.000268242170988664,4.556203382199991e-05,Temporal Change
total_activity_pct_change_7_to_8,Retained,"Survived quality, redundancy and predictive-evidence screening",Final selection,,6.462615403846497,0.12636001713866474,6.0,0.7466387504638953,0.007440863288597299,5.0,1.0,0.003194881209406852,0.00022652955008493284,Temporal Change
ic_others_8,Retained,"Survived quality, redundancy and predictive-evidence screening",Final selection,,5.36616725298666,0.01183631626165349,157.0,0.5921327185074896,0.005306718731182904,5.0,1.0,0.0,0.0,Voice / Call Behavior
isd_ic_mou_8,Retained,"Survived quality, redundancy and predictive-evidence screening",Final selection,,5.36616725298666,0.006102286660146339,204.0,0.5546879759714909,0.0025561798261014308,5.0,1.0,0.0005271242633564599,5.3453753913153496e-05,Voice / Call Behavior
loc_ic_mou_6,Retained,"Survived quality, redundancy and predictive-evidence screening",Final selection,,4.017928891587349,0.021116773642640307,119.0,0.627543469504473,0.01292312747917332,5.0,1.0,7.516892707606359e-05,1.8835785373802625e-05,Voice / Call Behavior
loc_ic_mou_7,Retained,"Survived quality, redundancy and predictive-evidence screening",Final selection,,3.8804264361863607,0.051419245432669625,57.0,0.6727802463045756,0.008836059271229907,5.0,1.0,9.485007801601775e-05,1.6421158202487596e-05,Voice / Call Behavior
loc_ic_mou_8,Retained,"Survived quality, redundancy and predictive-evidence screening",Final selection,,5.36616725298666,0.1327721708895877,2.0,0.7002466668412761,0.0034955401398169762,5.0,1.0,0.0001472818941917309,2.5291692790695385e-05,Voice / Call Behavior
loc_ic_mou_change_6_to_8,Retained,"Survived quality, redundancy and predictive-evidence screening",Final selection,,8.084072929873749,0.08577666138921636,34.0,0.5912804862959564,0.009901717004050832,5.0,1.0,0.00036188139694479646,5.9149974788963035e-05,Voice / Call Behavior
loc_ic_mou_change_7_to_8,Retained,"Survived quality, redundancy and predictive-evidence screening",Final selection,,6.889408739441776,0.1009906249303072,17.0,0.5826299389310602,0.007481047214817481,5.0,1.0,1.176256286654631e-05,0.00011336211522553161,Voice / Call Behavior
loc_ic_mou_max_6_8,Retained,"Survived quality, redundancy and predictive-evidence screening",Final selection,22.0,1.1071626279040698,0.0381570122045547,86.0,0.6778494116081103,0.00843307365020155,5.0,1.0,3.796886101741226e-05,4.0338161215592854e-06,Voice / Call Behavior
loc_ic_mou_min_6_8,Retained,"Survived quality, redundancy and predictive-evidence screening",Final selection,,1.1071626279040698,0.04756265934872306,64.0,0.7285550158255589,0.006095490593282993,5.0,1.0,2.2208564366343885e-05,3.953224861730925e-06,Voice / Call Behavior
loc_ic_mou_pct_change_6_to_8,Retained,"Survived quality, redundancy and predictive-evidence screening",Final selection,,12.859158199253558,0.09957703491914205,20.0,0.6336318793458195,0.009886302097457037,5.0,1.0,8.648943284894628e-07,8.329492915666489e-06,Voice / Call Behavior
loc_ic_mou_pct_change_7_to_8,Retained,"Survived quality, redundancy and predictive-evidence screening",Final selection,,10.946624046857979,0.11453158659322726,14.0,0.62497968512836,0.00806798213138907,5.0,1.0,0.0005382717902559176,5.205628087315329e-05,Voice / Call Behavior
loc_ic_mou_std_6_8,Retained,"Survived quality, redundancy and predictive-evidence screening",Final selection,,1.1071626279040698,0.04262174795562057,73.0,0.6257197804784376,0.007682143975035385,5.0,1.0,0.00019776289316000283,3.9858207343862827e-05,Voice / Call Behavior
loc_ic_t2f_mou_6,Retained,"Survived quality, redundancy and predictive-evidence screening",Final selection,,4.017928891587349,0.01846779841241819,124.0,0.6150152791970642,0.008291070022593836,5.0,1.0,0.00028150388402437,4.7218018305362516e-05,Voice / Call Behavior
loc_ic_t2f_mou_7,Retained,"Survived quality, redundancy and predictive-evidence screening",Final selection,,3.8804264361863607,0.04024155878551228,80.0,0.631505894285751,0.001782583807467709,5.0,1.0,0.00022452656765592494,6.610944776004577e-05,Voice / Call Behavior
loc_ic_t2f_mou_8,Retained,"Survived quality, redundancy and predictive-evidence screening",Final selection,,5.36616725298666,0.09736043277528639,22.0,0.6346962525998376,0.006207651213145955,5.0,1.0,0.00026703131892888974,3.945948954940868e-05,Voice / Call Behavior
loc_ic_t2m_mou_6,Retained,"Survived quality, redundancy and predictive-evidence screening",Final selection,,4.017928891587349,0.01857272413783373,123.0,0.6228708830053191,0.012757030909874479,5.0,1.0,0.0001588810881294256,1.1672913195335813e-05,Voice / Call Behavior
loc_ic_t2m_mou_7,Retained,"Survived quality, redundancy and predictive-evidence screening",Final selection,,3.8804264361863607,0.04958077510998771,59.0,0.6682841316156752,0.00995262121973649,5.0,1.0,0.00021227389800348995,5.000346184792329e-05,Voice / Call Behavior
loc_ic_t2m_mou_8,Retained,"Survived quality, redundancy and predictive-evidence screening",Final selection,,5.36616725298666,0.13206463162329962,4.0,0.6976853477253921,0.0034805038042020936,5.0,1.0,6.42232088532202e-05,2.937092320540723e-05,Voice / Call Behavior
loc_ic_t2t_mou_6,Retained,"Survived quality, redundancy and predictive-evidence screening",Final selection,,4.017928891587349,0.01595315355239446,130.0,0.6020086820407059,0.012217762035947865,5.0,1.0,1.4520614780444419e-05,9.464612222738125e-06,Voice / Call Behavior
loc_ic_t2t_mou_7,Retained,"Survived quality, redundancy and predictive-evidence screening",Final selection,,3.8804264361863607,0.04217261838060948,76.0,0.6418907185000572,0.010299308706174218,5.0,1.0,0.00017156620494616082,3.09077684978743e-05,Voice / Call Behavior
loc_ic_t2t_mou_8,Retained,"Survived quality, redundancy and predictive-evidence screening",Final selection,,5.36616725298666,0.11631360875752494,12.0,0.6728987368931987,0.006631787603184347,5.0,1.0,0.00015695910073298958,5.462956811569927e-05,Voice / Call Behavior
loc_og_mou_6,Retained,"Survived quality, redundancy and predictive-evidence screening",Final selection,,4.017928891587349,0.013534461236601958,141.0,0.601660898089561,0.006362118471831581,5.0,1.0,0.00012196932018027073,3.1508558074249116e-05,Voice / Call Behavior
loc_og_mou_7,Retained,"Survived quality, redundancy and predictive-evidence screening",Final selection,,3.8804264361863607,0.04359276770489173,71.0,0.6486269725871596,0.006364176322494553,5.0,1.0,2.2343103484057104e-05,2.6770186721740152e-06,Voice / Call Behavior
loc_og_mou_8,Retained,"Survived quality, redundancy and predictive-evidence screening",Final selection,,5.36616725298666,0.11656444616294648,11.0,0.6802409230438756,0.004752814846234848,5.0,1.0,0.00015887147819242385,3.4532337443447555e-05,Voice / Call Behavior
loc_og_mou_change_6_to_8,Retained,"Survived quality, redundancy and predictive-evidence screening",Final selection,,8.084072929873749,0.07826977737959595,39.0,0.5801787116293821,0.004555952088092224,5.0,1.0,0.0003834172657221968,2.51780092183751e-05,Voice / Call Behavior
loc_og_mou_change_7_to_8,Retained,"Survived quality, redundancy and predictive-evidence screening",Final selection,,6.889408739441776,0.08696680937887424,33.0,0.5741376046197946,0.005122341836057282,5.0,1.0,0.00014133334319965662,1.609699154684009e-05,Voice / Call Behavior
loc_og_mou_max_6_8,Retained,"Survived quality, redundancy and predictive-evidence screening",Final selection,18.0,1.1071626279040698,0.028620209731344604,101.0,0.6503016636208034,0.0035417256077435576,5.0,1.0,0.00019958878118671032,3.232055403353212e-05,Voice / Call Behavior
loc_og_mou_min_6_8,Retained,"Survived quality, redundancy and predictive-evidence screening",Final selection,,1.1071626279040698,0.0335284382777028,90.0,0.6904812439904039,0.003745955082475507,5.0,1.0,0.00027223029483631757,3.834283688464443e-05,Voice / Call Behavior
loc_og_mou_pct_change_6_to_8,Retained,"Survived quality, redundancy and predictive-evidence screening",Final selection,,15.748495508848373,0.08416589580214673,36.0,0.6280242683185658,0.004547105403974489,5.0,1.0,0.0,0.0,Voice / Call Behavior
loc_og_mou_pct_change_7_to_8,Retained,"Survived quality, redundancy and predictive-evidence screening",Final selection,,14.03775067411918,0.0904520569779168,27.0,0.6133720217944407,0.009350078325383997,5.0,1.0,0.00024687928107698377,1.197337987973038e-05,Voice / Call Behavior
loc_og_mou_std_6_8,Retained,"Survived quality, redundancy and predictive-evidence screening",Final selection,,1.1071626279040698,0.03486211113126547,89.0,0.6200055996796372,0.0037472658120974965,5.0,1.0,0.00014457189196277477,1.8351970624058752e-05,Voice / Call Behavior
loc_og_t2c_mou_8,Retained,"Survived quality, redundancy and predictive-evidence screening",Final selection,,5.36616725298666,0.0055715541449496975,210.0,0.5649281159149981,0.003013320195220984,5.0,1.0,0.0009617048335726297,0.00010909675784966112,Voice / Call Behavior
loc_og_t2f_mou_6,Retained,"Survived quality, redundancy and predictive-evidence screening",Final selection,,4.017928891587349,0.010935363428142386,161.0,0.5974617943085409,0.00399527938630081,5.0,1.0,5.222039756227481e-05,7.757808751186355e-06,Voice / Call Behavior
loc_og_t2f_mou_7,Retained,"Survived quality, redundancy and predictive-evidence screening",Final selection,,3.8804264361863607,0.01393225686515609,136.0,0.6302922528380293,0.0017637326238018382,5.0,1.0,0.00010680483962204335,3.9569869797005234e-05,Voice / Call Behavior
loc_og_t2f_mou_8,Retained,"Survived quality, redundancy and predictive-evidence screening",Final selection,,5.36616725298666,0.029924947270711044,97.0,0.6732427502007673,0.0024869186894249705,5.0,1.0,0.00017516993131456716,4.153849656248624e-05,Voice / Call Behavior
loc_og_t2m_mou_6,Retained,"Survived quality, redundancy and predictive-evidence screening",Final selection,,4.017928891587349,0.012614570697536243,152.0,0.5990128774732149,0.004973592766888786,5.0,1.0,3.741148467246713e-05,1.1268510645958667e-05,Voice / Call Behavior
loc_og_t2m_mou_7,Retained,"Survived quality, redundancy and predictive-evidence screening",Final selection,,3.8804264361863607,0.04393784021142477,70.0,0.6449608144826195,0.006222253484476064,5.0,1.0,0.00022949490507575553,4.20144796316795e-05,Voice / Call Behavior
loc_og_t2m_mou_8,Retained,"Survived quality, redundancy and predictive-evidence screening",Final selection,,5.36616725298666,0.11551483332842016,13.0,0.6774471440752573,0.0051540624743141965,5.0,1.0,0.00047002201780723676,4.3966076095830604e-05,Voice / Call Behavior
loc_og_t2t_mou_6,Retained,"Survived quality, redundancy and predictive-evidence screening",Final selection,,4.017928891587349,0.014438961777976544,134.0,0.5839434148099599,0.008374691558121677,5.0,1.0,9.360078620832546e-05,1.2046660686113975e-05,Voice / Call Behavior
loc_og_t2t_mou_7,Retained,"Survived quality, redundancy and predictive-evidence screening",Final selection,,3.8804264361863607,0.03720486245948962,87.0,0.6272978351312165,0.00543367200149719,5.0,1.0,0.00012911911329507308,1.545818629919399e-05,Voice / Call Behavior
loc_og_t2t_mou_8,Retained,"Survived quality, redundancy and predictive-evidence screening",Final selection,,5.36616725298666,0.10968123748958081,15.0,0.6592058251952502,0.0031361547537640286,5.0,1.0,0.0005549258110463917,7.629912334954853e-05,Voice / Call Behavior
offnet_mou_7,Retained,"Survived quality, redundancy and predictive-evidence screening",Final selection,,3.8804264361863607,0.03034316258307368,96.0,0.5577430413640864,0.009813256266966646,3.0,0.6,0.0001066510806303267,2.2505881529280547e-05,Voice / Call Behavior
offnet_mou_8,Retained,"Survived quality, redundancy and predictive-evidence screening",Final selection,,5.36616725298666,0.0956439007784442,23.0,0.6182227963901905,0.008434814871133779,5.0,1.0,0.00027448863002723647,5.314655381333959e-05,Voice / Call Behavior
onnet_mou_8,Retained,"Survived quality, redundancy and predictive-evidence screening",Final selection,,5.36616725298666,0.08963669213400216,29.0,0.5891185136219897,0.004778016873867945,5.0,1.0,0.0003209526753369607,3.480503196778231e-05,Voice / Call Behavior
roam_ic_mou_7,Retained,"Survived quality, redundancy and predictive-evidence screening",Final selection,,3.8804264361863607,0.007466251656218503,194.0,0.5844399897445045,0.00412898461580535,5.0,1.0,5.476703086251256e-05,7.638866309527388e-06,Voice / Call Behavior
roam_ic_mou_8,Retained,"Survived quality, redundancy and predictive-evidence screening",Final selection,1.0,5.36616725298666,0.01161615468999111,159.0,0.6001239311518478,0.006065329196675006,5.0,1.0,6.0379234060303764e-05,1.2351689050937147e-05,Voice / Call Behavior
roam_ic_mou_change_6_to_8,Retained,"Survived quality, redundancy and predictive-evidence screening",Final selection,,8.084072929873749,0.008368514582410613,180.0,0.5711688873039804,0.008700551112370992,5.0,1.0,6.968165305920593e-05,1.9757301263597572e-05,Voice / Call Behavior
roam_ic_mou_min_6_8,Retained,"Survived quality, redundancy and predictive-evidence screening",Final selection,,1.1071626279040698,0.01345653377239886,144.0,0.5801925846881663,0.00318052012211726,5.0,1.0,1.342508196442438e-05,2.304902867697719e-06,Voice / Call Behavior
roam_ic_mou_pct_change_7_to_8,Retained,"Survived quality, redundancy and predictive-evidence screening",Final selection,,85.94617761031446,0.008297017205858737,181.0,0.5622132487526185,0.006632370899507004,5.0,1.0,0.00019896413528288636,1.9477030905485067e-05,Voice / Call Behavior
roam_ic_mou_std_6_8,Retained,"Survived quality, redundancy and predictive-evidence screening",Final selection,25.0,1.1071626279040698,0.012232240873583322,155.0,0.5927465386561618,0.0012841477887499525,5.0,1.0,0.00012053743956985663,1.2916863545651213e-05,Voice / Call Behavior
roam_og_mou_6,Retained,"Survived quality, redundancy and predictive-evidence screening",Final selection,,4.017928891587349,0.005479198447385647,213.0,0.5588854882635058,0.004577293991413736,5.0,1.0,9.654142692487877e-05,1.0353760554466171e-05,Voice / Call Behavior
roam_og_mou_7,Retained,"Survived quality, redundancy and predictive-evidence screening",Final selection,,3.8804264361863607,0.00983289025825651,169.0,0.5904207756794979,0.00232312848338619,5.0,1.0,0.0005897906624183103,4.554275367269813e-05,Voice / Call Behavior
roam_og_mou_8,Retained,"Survived quality, redundancy and predictive-evidence screening",Final selection,2.0,5.36616725298666,0.013469898478134956,143.0,0.6014584408625987,0.0060310773798111375,5.0,1.0,0.004943889740195884,0.00037378719076189276,Voice / Call Behavior
roam_og_mou_change_6_to_8,Retained,"Survived quality, redundancy and predictive-evidence screening",Final selection,,8.084072929873749,0.007681365213168867,191.0,0.5641196494608667,0.008619788422200366,5.0,1.0,0.00033913467610753313,2.9229330679689242e-05,Voice / Call Behavior
roam_og_mou_min_6_8,Retained,"Survived quality, redundancy and predictive-evidence screening",Final selection,,1.1071626279040698,0.017009111240190444,126.0,0.5830904544233628,0.0030914183581042466,5.0,1.0,0.0001116194180502017,9.036253944786983e-06,Voice / Call Behavior
roam_og_mou_pct_change_7_to_8,Retained,"Survived quality, redundancy and predictive-evidence screening",Final selection,,86.00153574170967,0.0074956340482130734,193.0,0.556445205034646,0.006204156238260896,4.0,0.8,0.0,0.0,Voice / Call Behavior
roam_og_mou_std_6_8,Retained,"Survived quality, redundancy and predictive-evidence screening",Final selection,21.0,1.1071626279040698,0.010187452132284225,166.0,0.6078152545126397,0.0014765125392116186,5.0,1.0,7.542839537471036e-05,7.864452088613898e-06,Voice / Call Behavior
spl_ic_mou_8,Retained,"Survived quality, redundancy and predictive-evidence screening",Final selection,,5.36616725298666,0.008760187351575244,176.0,0.5586031285116089,0.0019055943556729592,5.0,1.0,0.0035224070816395558,0.00041720619263122005,Voice / Call Behavior
spl_og_mou_7,Retained,"Survived quality, redundancy and predictive-evidence screening",Final selection,,3.8804264361863607,0.0014543185999915664,261.0,0.5564501480982326,0.0053707206306297045,4.0,0.8,0.0002562681895086572,3.3634801403839446e-05,Voice / Call Behavior
spl_og_mou_8,Retained,"Survived quality, redundancy and predictive-evidence screening",Final selection,,5.36616725298666,0.020354691465956254,121.0,0.6609653402209814,0.0022815020660772144,5.0,1.0,0.00022546834148011728,3.2825561356357914e-05,Voice / Call Behavior
spl_og_mou_8_missing,Retained,"Survived quality, redundancy and predictive-evidence screening",Final selection,11.0,0.0,0.0797544526077143,38.0,0.7034131736351691,0.003424555488059252,5.0,1.0,0.0,0.0,Voice / Call Behavior
std_ic_mou_8,Retained,"Survived quality, redundancy and predictive-evidence screening",Final selection,,5.36616725298666,0.0934214134079745,25.0,0.6053298678537316,0.007283247332156752,5.0,1.0,0.00036724374178092044,5.591977657437122e-05,Voice / Call Behavior
std_ic_mou_change_6_to_8,Retained,"Survived quality, redundancy and predictive-evidence screening",Final selection,,8.084072929873749,0.04460637778843024,67.0,0.5828870778261515,0.011118257018897371,5.0,1.0,0.00011845208324465784,2.058486635943281e-05,Voice / Call Behavior
std_ic_mou_change_7_to_8,Retained,"Survived quality, redundancy and predictive-evidence screening",Final selection,,6.889408739441776,0.04889054690818595,61.0,0.5674802410117493,0.009033329581760044,5.0,1.0,9.639727787016383e-05,2.3925508679858637e-05,Voice / Call Behavior
std_ic_mou_min_6_8,Retained,"Survived quality, redundancy and predictive-evidence screening",Final selection,,1.1071626279040698,0.015119825001340681,132.0,0.5683089895573971,0.005179412259245529,5.0,1.0,0.0004786229114064122,4.8213495355444855e-05,Voice / Call Behavior
std_ic_mou_pct_change_6_to_8,Retained,"Survived quality, redundancy and predictive-evidence screening",Final selection,,31.234486330113036,0.03818147715091391,85.0,0.6044846245167195,0.008373029371753596,5.0,1.0,2.2727500963437564e-05,8.68081092104596e-06,Voice / Call Behavior
std_ic_mou_pct_change_7_to_8,Retained,"Survived quality, redundancy and predictive-evidence screening",Final selection,,29.920177146020464,0.03818760069218463,84.0,0.5896440533633334,0.011222123908217018,5.0,1.0,0.00041122842334915253,2.4277249637552737e-05,Voice / Call Behavior
std_ic_mou_std_6_8,Retained,"Survived quality, redundancy and predictive-evidence screening",Final selection,,1.1071626279040698,0.025693907155882822,108.0,0.5545002625583794,0.005406282326310149,4.0,0.8,0.0007103761516729978,8.755561531957699e-05,Voice / Call Behavior
std_ic_t2f_mou_6,Retained,"Survived quality, redundancy and predictive-evidence screening",Final selection,,4.017928891587349,0.0029034767460818234,242.0,0.5513828408374105,0.0022415364948482077,3.0,0.6,1.662519097962445e-05,1.0952798937140707e-06,Voice / Call Behavior
std_ic_t2f_mou_7,Retained,"Survived quality, redundancy and predictive-evidence screening",Final selection,,3.8804264361863607,0.004937275076701386,222.0,0.5676693905598726,0.005157001171945112,5.0,1.0,6.48959044419417e-05,1.211795906360177e-05,Voice / Call Behavior
std_ic_t2f_mou_8,Retained,"Survived quality, redundancy and predictive-evidence screening",Final selection,,5.36616725298666,0.013443267217679411,146.0,0.5940635636744311,0.0018867033577605957,5.0,1.0,0.00022589117870743802,3.398959313796405e-05,Voice / Call Behavior
std_ic_t2m_mou_8,Retained,"Survived quality, redundancy and predictive-evidence screening",Final selection,,5.36616725298666,0.08978116879959641,28.0,0.5903024843440086,0.006740769162895049,5.0,1.0,0.00020792059655039274,2.0085076360507346e-05,Voice / Call Behavior
std_ic_t2t_mou_8,Retained,"Survived quality, redundancy and predictive-evidence screening",Final selection,,5.36616725298666,0.014100371432573588,135.0,0.6350473276362801,0.0012978648725694717,5.0,1.0,0.00015308629612897917,1.1683525677272719e-05,Voice / Call Behavior
std_og_mou_6,Retained,"Survived quality, redundancy and predictive-evidence screening",Final selection,,4.017928891587349,0.01598687288597378,129.0,0.5920433542870509,0.005814631353369901,5.0,1.0,9.141933051335372e-05,3.588054489469977e-05,Voice / Call Behavior
std_og_mou_8,Retained,"Survived quality, redundancy and predictive-evidence screening",Final selection,,5.36616725298666,0.08826842904874965,32.0,0.5651005640854525,0.006667232567906383,5.0,1.0,0.000150703031757482,1.6197850249610814e-05,Voice / Call Behavior
std_og_mou_change_6_to_8,Retained,"Survived quality, redundancy and predictive-evidence screening",Final selection,,8.084072929873749,0.04179262616769175,77.0,0.6009792431246603,0.007275963044198245,5.0,1.0,0.00014880987417194015,2.4373119194174044e-05,Voice / Call Behavior
std_og_mou_change_7_to_8,Retained,"Survived quality, redundancy and predictive-evidence screening",Final selection,,6.889408739441776,0.04150443781697044,78.0,0.5946218355045936,0.006987325910297854,5.0,1.0,0.000254548010788791,4.9844739395908194e-05,Voice / Call Behavior
std_og_mou_pct_change_6_to_8,Retained,"Survived quality, redundancy and predictive-evidence screening",Final selection,,36.39172128073716,0.025345294158521714,110.0,0.6062151269014284,0.006555477790633996,5.0,1.0,5.5526215884182936e-05,1.971622317573966e-05,Voice / Call Behavior
std_og_mou_pct_change_7_to_8,Retained,"Survived quality, redundancy and predictive-evidence screening",Final selection,,36.03992928445151,0.02930089087927601,99.0,0.5975166019956764,0.006572677690742306,5.0,1.0,0.0007298747138102079,9.428604930696443e-05,Voice / Call Behavior
std_og_t2m_mou_6,Retained,"Survived quality, redundancy and predictive-evidence screening",Final selection,,4.017928891587349,0.012549709356521221,154.0,0.5772407233559654,0.0077829048800908286,5.0,1.0,6.36273927603126e-05,1.1274852165417518e-05,Voice / Call Behavior
std_og_t2m_mou_8,Retained,"Survived quality, redundancy and predictive-evidence screening",Final selection,,5.36616725298666,0.08514980273639172,35.0,0.5612861189977446,0.005466359812822454,5.0,1.0,0.0006033791133113642,6.564707975642513e-05,Voice / Call Behavior
std_og_t2t_mou_6,Retained,"Survived quality, redundancy and predictive-evidence screening",Final selection,,4.017928891587349,0.0017471540136453356,255.0,0.5627736259028628,0.0037335837693004826,5.0,1.0,0.00014363972807542868,3.0492840369875666e-05,Voice / Call Behavior
std_og_t2t_mou_8,Retained,"Survived quality, redundancy and predictive-evidence screening",Final selection,,5.36616725298666,0.01120729949465904,160.0,0.6253731321605696,0.003303846778525476,5.0,1.0,0.00017829316083379788,1.1852936945225353e-05,Voice / Call Behavior
total_ic_mou_6,Retained,"Survived quality, redundancy and predictive-evidence screening",Final selection,,0.0,0.0153486760374284,131.0,0.6438315919691552,0.00902619072095006,5.0,1.0,9.725256226151835e-05,2.231689328247063e-05,Voice / Call Behavior
total_ic_mou_7,Retained,"Survived quality, redundancy and predictive-evidence screening",Final selection,,0.0,0.04649276857436391,65.0,0.7411151532030819,0.007479170659458953,5.0,1.0,0.00010221128974448046,1.4525234574367022e-05,Voice / Call Behavior
total_ic_mou_8,Retained,"Survived quality, redundancy and predictive-evidence screening",Final selection,,0.0,0.13249493775771315,3.0,0.8807620406686547,0.0017498548014600978,5.0,1.0,0.00115451860918665,0.0002075975692645279,Voice / Call Behavior
total_ic_mou_change_6_to_8,Retained,"Survived quality, redundancy and predictive-evidence screening",Final selection,,0.0,0.05283453524645254,55.0,0.6878363758437687,0.009294723910959134,5.0,1.0,0.00021218740857054108,2.5153117421973303e-05,Voice / Call Behavior
total_ic_mou_change_7_to_8,Retained,"Survived quality, redundancy and predictive-evidence screening",Final selection,,0.0,0.07732220492840591,41.0,0.639038877433562,0.007705520330947298,5.0,1.0,0.00039276773440610757,5.1435578760310874e-05,Voice / Call Behavior
total_ic_mou_max_6_8,Retained,"Survived quality, redundancy and predictive-evidence screening",Final selection,17.0,0.0,0.03270740728112642,93.0,0.6826581391846259,0.008605343293585714,5.0,1.0,0.0001299743976865164,1.7260581140901444e-05,Voice / Call Behavior
total_ic_mou_min_6_8,Retained,"Survived quality, redundancy and predictive-evidence screening",Final selection,,0.0,0.09492646306050467,24.0,0.8548324861339595,0.002160710680831403,5.0,1.0,0.0006334486061291944,0.00014381997890760713,Voice / Call Behavior
total_ic_mou_pct_change_6_to_8,Retained,"Survived quality, redundancy and predictive-evidence screening",Final selection,,8.532295219557492,0.11719483180432388,10.0,0.7825503092862589,0.005885147484148563,5.0,1.0,0.00012144077364621975,3.8070364228392936e-05,Voice / Call Behavior
total_ic_mou_pct_change_7_to_8,Retained,"Survived quality, redundancy and predictive-evidence screening",Final selection,,7.967999428561225,0.11956435459448733,8.0,0.7270256371911382,0.006234804611726344,5.0,1.0,0.0001694424088731328,3.0348031880663946e-05,Voice / Call Behavior
total_og_mou_7,Retained,"Survived quality, redundancy and predictive-evidence screening",Final selection,,0.0,0.0335197877492317,91.0,0.6548304009530159,0.007187671289377481,5.0,1.0,0.00027790976759289876,1.1777737406869197e-05,Voice / Call Behavior
total_og_mou_8,Retained,"Survived quality, redundancy and predictive-evidence screening",Final selection,,0.0,0.10611823929816411,16.0,0.8323223126504258,0.005089749960747898,5.0,1.0,0.00027250898300881234,4.146852721366801e-05,Voice / Call Behavior
total_og_mou_change_6_to_8,Retained,"Survived quality, redundancy and predictive-evidence screening",Final selection,,0.0,0.05799807963447634,53.0,0.7096658723623985,0.003867025100869704,5.0,1.0,9.50422767562742e-06,1.8094773862782517e-06,Voice / Call Behavior
total_og_mou_change_7_to_8,Retained,"Survived quality, redundancy and predictive-evidence screening",Final selection,,0.0,0.07505567457261053,43.0,0.6590538025160918,0.006776927394163773,5.0,1.0,0.0004346094000272638,3.892656784072161e-05,Voice / Call Behavior
total_og_mou_min_6_8,Retained,"Survived quality, redundancy and predictive-evidence screening",Final selection,,0.0,0.07637293390511202,42.0,0.8088680445808322,0.006415261888963577,5.0,1.0,0.00015647860388383615,3.409949880730929e-05,Voice / Call Behavior
total_og_mou_pct_change_6_to_8,Retained,"Survived quality, redundancy and predictive-evidence screening",Final selection,,10.10910909123377,0.09987547673603125,19.0,0.7789442370274955,0.005292508280114863,5.0,1.0,8.075230046280523e-05,3.183372819272795e-05,Voice / Call Behavior
total_og_mou_pct_change_7_to_8,Retained,"Survived quality, redundancy and predictive-evidence screening",Final selection,,9.739459633207735,0.10041873849185334,18.0,0.719552161894091,0.005438034060993429,5.0,1.0,0.00014086245628746051,9.01238929522276e-06,Voice / Call Behavior
total_og_mou_std_6_8,Retained,"Survived quality, redundancy and predictive-evidence screening",Final selection,,0.0,0.02965562249147391,98.0,0.5550150369917034,0.005520493944406226,4.0,0.8,0.0005492030935733804,4.4694344706982104e-05,Voice / Call Behavior
total_voice_mou_6,Retained,"Survived quality, redundancy and predictive-evidence screening",Final selection,,0.0,0.013681098214198384,138.0,0.5605623660488596,0.005003875478579246,5.0,1.0,0.00014953061944562586,1.9762783417553175e-05,Voice / Call Behavior
total_voice_mou_7,Retained,"Survived quality, redundancy and predictive-evidence screening",Final selection,,0.0,0.044066852213173524,69.0,0.6874825363636731,0.006381480525735807,5.0,1.0,5.702536605345365e-05,1.56413171751025e-05,Voice / Call Behavior
total_voice_mou_8,Retained,"Survived quality, redundancy and predictive-evidence screening",Final selection,,0.0,0.1300875884504269,5.0,0.859783235759442,0.0031149070792806004,5.0,1.0,4.990440274954544e-05,1.1293642753135482e-05,Voice / Call Behavior
voice_inactive_6,Retained,"Survived quality, redundancy and predictive-evidence screening",Final selection,,0.0,0.012032068603789359,156.0,0.577558893723684,0.004388371939004314,5.0,1.0,0.0,0.0,Voice / Call Behavior
voice_inactive_7,Retained,"Survived quality, redundancy and predictive-evidence screening",Final selection,,0.0,0.040910751014553215,79.0,0.6533676105395595,0.0033779618128199056,5.0,1.0,0.0,0.0,Voice / Call Behavior
voice_inactive_8,Retained,"Survived quality, redundancy and predictive-evidence screening",Final selection,34.0,0.0,0.1190644702120005,9.0,0.7999926509189714,0.0030802335335890084,5.0,1.0,-0.0005144199266655213,7.471810978638372e-06,Voice / Call Behavior
