scenario,threshold,false_positive_cost,false_negative_cost,false_positives,false_negatives,total_hypothetical_cost
Conservative_1_to_1,0.05,1.0,1.0,8052.0,408.0,8460.0
Conservative_1_to_1,0.06,1.0,1.0,7146.0,471.0,7617.0
Conservative_1_to_1,0.07,1.0,1.0,6419.0,519.0,6938.0
Conservative_1_to_1,0.08,1.0,1.0,5830.0,572.0,6402.0
Conservative_1_to_1,0.09,1.0,1.0,5398.0,620.0,6018.0
Conservative_1_to_1,0.1,1.0,1.0,5005.0,673.0,5678.0
Conservative_1_to_1,0.11,1.0,1.0,4642.0,731.0,5373.0
Conservative_1_to_1,0.12,1.0,1.0,4327.0,780.0,5107.0
Conservative_1_to_1,0.13,1.0,1.0,4084.0,818.0,4902.0
Conservative_1_to_1,0.14,1.0,1.0,3880.0,849.0,4729.0
Conservative_1_to_1,0.15,1.0,1.0,3684.0,879.0,4563.0
Conservative_1_to_1,0.16,1.0,1.0,3492.0,908.0,4400.0
Conservative_1_to_1,0.17,1.0,1.0,3332.0,941.0,4273.0
Conservative_1_to_1,0.18,1.0,1.0,3207.0,985.0,4192.0
Conservative_1_to_1,0.19,1.0,1.0,3072.0,1023.0,4095.0
Conservative_1_to_1,0.2,1.0,1.0,2938.0,1042.0,3980.0
Conservative_1_to_1,0.21,1.0,1.0,2814.0,1086.0,3900.0
Conservative_1_to_1,0.22,1.0,1.0,2708.0,1125.0,3833.0
Conservative_1_to_1,0.23,1.0,1.0,2610.0,1167.0,3777.0
Conservative_1_to_1,0.24,1.0,1.0,2491.0,1194.0,3685.0
Conservative_1_to_1,0.25,1.0,1.0,2380.0,1214.0,3594.0
Conservative_1_to_1,0.26,1.0,1.0,2303.0,1245.0,3548.0
Conservative_1_to_1,0.27,1.0,1.0,2218.0,1279.0,3497.0
Conservative_1_to_1,0.28,1.0,1.0,2164.0,1302.0,3466.0
Conservative_1_to_1,0.29,1.0,1.0,2087.0,1321.0,3408.0
Conservative_1_to_1,0.3,1.0,1.0,2007.0,1353.0,3360.0
Conservative_1_to_1,0.31,1.0,1.0,1942.0,1378.0,3320.0
Conservative_1_to_1,0.32,1.0,1.0,1887.0,1401.0,3288.0
Conservative_1_to_1,0.33,1.0,1.0,1842.0,1435.0,3277.0
Conservative_1_to_1,0.34,1.0,1.0,1806.0,1472.0,3278.0
Conservative_1_to_1,0.35,1.0,1.0,1755.0,1497.0,3252.0
Conservative_1_to_1,0.36,1.0,1.0,1703.0,1532.0,3235.0
Conservative_1_to_1,0.37,1.0,1.0,1666.0,1555.0,3221.0
Conservative_1_to_1,0.38,1.0,1.0,1616.0,1590.0,3206.0
Conservative_1_to_1,0.39,1.0,1.0,1583.0,1622.0,3205.0
Conservative_1_to_1,0.4,1.0,1.0,1544.0,1639.0,3183.0
Conservative_1_to_1,0.41,1.0,1.0,1500.0,1664.0,3164.0
Conservative_1_to_1,0.42,1.0,1.0,1461.0,1694.0,3155.0
Conservative_1_to_1,0.43,1.0,1.0,1420.0,1726.0,3146.0
Conservative_1_to_1,0.44,1.0,1.0,1392.0,1748.0,3140.0
Conservative_1_to_1,0.45,1.0,1.0,1347.0,1773.0,3120.0
Conservative_1_to_1,0.46,1.0,1.0,1316.0,1802.0,3118.0
Conservative_1_to_1,0.47,1.0,1.0,1276.0,1828.0,3104.0
Conservative_1_to_1,0.48,1.0,1.0,1249.0,1857.0,3106.0
Conservative_1_to_1,0.49,1.0,1.0,1218.0,1889.0,3107.0
Conservative_1_to_1,0.5,1.0,1.0,1189.0,1915.0,3104.0
Conservative_1_to_1,0.51,1.0,1.0,1154.0,1950.0,3104.0
Conservative_1_to_1,0.52,1.0,1.0,1119.0,1981.0,3100.0
Conservative_1_to_1,0.53,1.0,1.0,1094.0,2029.0,3123.0
Conservative_1_to_1,0.54,1.0,1.0,1067.0,2073.0,3140.0
Conservative_1_to_1,0.55,1.0,1.0,1038.0,2114.0,3152.0
Conservative_1_to_1,0.56,1.0,1.0,1003.0,2155.0,3158.0
Conservative_1_to_1,0.57,1.0,1.0,973.0,2193.0,3166.0
Conservative_1_to_1,0.58,1.0,1.0,935.0,2242.0,3177.0
Conservative_1_to_1,0.59,1.0,1.0,909.0,2274.0,3183.0
Conservative_1_to_1,0.6,1.0,1.0,881.0,2311.0,3192.0
Conservative_1_to_1,0.61,1.0,1.0,851.0,2357.0,3208.0
Conservative_1_to_1,0.62,1.0,1.0,826.0,2402.0,3228.0
Conservative_1_to_1,0.63,1.0,1.0,796.0,2453.0,3249.0
Conservative_1_to_1,0.64,1.0,1.0,757.0,2524.0,3281.0
Conservative_1_to_1,0.65,1.0,1.0,715.0,2572.0,3287.0
Conservative_1_to_1,0.66,1.0,1.0,690.0,2629.0,3319.0
Conservative_1_to_1,0.67,1.0,1.0,659.0,2677.0,3336.0
Conservative_1_to_1,0.68,1.0,1.0,631.0,2731.0,3362.0
Conservative_1_to_1,0.69,1.0,1.0,599.0,2800.0,3399.0
Conservative_1_to_1,0.7,1.0,1.0,567.0,2861.0,3428.0
Conservative_1_to_1,0.71,1.0,1.0,536.0,2920.0,3456.0
Conservative_1_to_1,0.72,1.0,1.0,509.0,2987.0,3496.0
Conservative_1_to_1,0.73,1.0,1.0,474.0,3042.0,3516.0
Conservative_1_to_1,0.74,1.0,1.0,452.0,3102.0,3554.0
Conservative_1_to_1,0.75,1.0,1.0,425.0,3177.0,3602.0
Conservative_1_to_1,0.76,1.0,1.0,394.0,3245.0,3639.0
Conservative_1_to_1,0.77,1.0,1.0,367.0,3321.0,3688.0
Conservative_1_to_1,0.78,1.0,1.0,344.0,3403.0,3747.0
Conservative_1_to_1,0.79,1.0,1.0,312.0,3487.0,3799.0
Conservative_1_to_1,0.8,1.0,1.0,289.0,3581.0,3870.0
Conservative_1_to_1,0.81,1.0,1.0,263.0,3699.0,3962.0
Conservative_1_to_1,0.82,1.0,1.0,227.0,3816.0,4043.0
Conservative_1_to_1,0.83,1.0,1.0,202.0,3900.0,4102.0
Conservative_1_to_1,0.84,1.0,1.0,179.0,3998.0,4177.0
Conservative_1_to_1,0.85,1.0,1.0,147.0,4118.0,4265.0
Retention_Focused_1_to_3,0.05,1.0,3.0,8052.0,408.0,9276.0
Retention_Focused_1_to_3,0.06,1.0,3.0,7146.0,471.0,8559.0
Retention_Focused_1_to_3,0.07,1.0,3.0,6419.0,519.0,7976.0
Retention_Focused_1_to_3,0.08,1.0,3.0,5830.0,572.0,7546.0
Retention_Focused_1_to_3,0.09,1.0,3.0,5398.0,620.0,7258.0
Retention_Focused_1_to_3,0.1,1.0,3.0,5005.0,673.0,7024.0
Retention_Focused_1_to_3,0.11,1.0,3.0,4642.0,731.0,6835.0
Retention_Focused_1_to_3,0.12,1.0,3.0,4327.0,780.0,6667.0
Retention_Focused_1_to_3,0.13,1.0,3.0,4084.0,818.0,6538.0
Retention_Focused_1_to_3,0.14,1.0,3.0,3880.0,849.0,6427.0
Retention_Focused_1_to_3,0.15,1.0,3.0,3684.0,879.0,6321.0
Retention_Focused_1_to_3,0.16,1.0,3.0,3492.0,908.0,6216.0
Retention_Focused_1_to_3,0.17,1.0,3.0,3332.0,941.0,6155.0
Retention_Focused_1_to_3,0.18,1.0,3.0,3207.0,985.0,6162.0
Retention_Focused_1_to_3,0.19,1.0,3.0,3072.0,1023.0,6141.0
Retention_Focused_1_to_3,0.2,1.0,3.0,2938.0,1042.0,6064.0
Retention_Focused_1_to_3,0.21,1.0,3.0,2814.0,1086.0,6072.0
Retention_Focused_1_to_3,0.22,1.0,3.0,2708.0,1125.0,6083.0
Retention_Focused_1_to_3,0.23,1.0,3.0,2610.0,1167.0,6111.0
Retention_Focused_1_to_3,0.24,1.0,3.0,2491.0,1194.0,6073.0
Retention_Focused_1_to_3,0.25,1.0,3.0,2380.0,1214.0,6022.0
Retention_Focused_1_to_3,0.26,1.0,3.0,2303.0,1245.0,6038.0
Retention_Focused_1_to_3,0.27,1.0,3.0,2218.0,1279.0,6055.0
Retention_Focused_1_to_3,0.28,1.0,3.0,2164.0,1302.0,6070.0
Retention_Focused_1_to_3,0.29,1.0,3.0,2087.0,1321.0,6050.0
Retention_Focused_1_to_3,0.3,1.0,3.0,2007.0,1353.0,6066.0
Retention_Focused_1_to_3,0.31,1.0,3.0,1942.0,1378.0,6076.0
Retention_Focused_1_to_3,0.32,1.0,3.0,1887.0,1401.0,6090.0
Retention_Focused_1_to_3,0.33,1.0,3.0,1842.0,1435.0,6147.0
Retention_Focused_1_to_3,0.34,1.0,3.0,1806.0,1472.0,6222.0
Retention_Focused_1_to_3,0.35,1.0,3.0,1755.0,1497.0,6246.0
Retention_Focused_1_to_3,0.36,1.0,3.0,1703.0,1532.0,6299.0
Retention_Focused_1_to_3,0.37,1.0,3.0,1666.0,1555.0,6331.0
Retention_Focused_1_to_3,0.38,1.0,3.0,1616.0,1590.0,6386.0
Retention_Focused_1_to_3,0.39,1.0,3.0,1583.0,1622.0,6449.0
Retention_Focused_1_to_3,0.4,1.0,3.0,1544.0,1639.0,6461.0
Retention_Focused_1_to_3,0.41,1.0,3.0,1500.0,1664.0,6492.0
Retention_Focused_1_to_3,0.42,1.0,3.0,1461.0,1694.0,6543.0
Retention_Focused_1_to_3,0.43,1.0,3.0,1420.0,1726.0,6598.0
Retention_Focused_1_to_3,0.44,1.0,3.0,1392.0,1748.0,6636.0
Retention_Focused_1_to_3,0.45,1.0,3.0,1347.0,1773.0,6666.0
Retention_Focused_1_to_3,0.46,1.0,3.0,1316.0,1802.0,6722.0
Retention_Focused_1_to_3,0.47,1.0,3.0,1276.0,1828.0,6760.0
Retention_Focused_1_to_3,0.48,1.0,3.0,1249.0,1857.0,6820.0
Retention_Focused_1_to_3,0.49,1.0,3.0,1218.0,1889.0,6885.0
Retention_Focused_1_to_3,0.5,1.0,3.0,1189.0,1915.0,6934.0
Retention_Focused_1_to_3,0.51,1.0,3.0,1154.0,1950.0,7004.0
Retention_Focused_1_to_3,0.52,1.0,3.0,1119.0,1981.0,7062.0
Retention_Focused_1_to_3,0.53,1.0,3.0,1094.0,2029.0,7181.0
Retention_Focused_1_to_3,0.54,1.0,3.0,1067.0,2073.0,7286.0
Retention_Focused_1_to_3,0.55,1.0,3.0,1038.0,2114.0,7380.0
Retention_Focused_1_to_3,0.56,1.0,3.0,1003.0,2155.0,7468.0
Retention_Focused_1_to_3,0.57,1.0,3.0,973.0,2193.0,7552.0
Retention_Focused_1_to_3,0.58,1.0,3.0,935.0,2242.0,7661.0
Retention_Focused_1_to_3,0.59,1.0,3.0,909.0,2274.0,7731.0
Retention_Focused_1_to_3,0.6,1.0,3.0,881.0,2311.0,7814.0
Retention_Focused_1_to_3,0.61,1.0,3.0,851.0,2357.0,7922.0
Retention_Focused_1_to_3,0.62,1.0,3.0,826.0,2402.0,8032.0
Retention_Focused_1_to_3,0.63,1.0,3.0,796.0,2453.0,8155.0
Retention_Focused_1_to_3,0.64,1.0,3.0,757.0,2524.0,8329.0
Retention_Focused_1_to_3,0.65,1.0,3.0,715.0,2572.0,8431.0
Retention_Focused_1_to_3,0.66,1.0,3.0,690.0,2629.0,8577.0
Retention_Focused_1_to_3,0.67,1.0,3.0,659.0,2677.0,8690.0
Retention_Focused_1_to_3,0.68,1.0,3.0,631.0,2731.0,8824.0
Retention_Focused_1_to_3,0.69,1.0,3.0,599.0,2800.0,8999.0
Retention_Focused_1_to_3,0.7,1.0,3.0,567.0,2861.0,9150.0
Retention_Focused_1_to_3,0.71,1.0,3.0,536.0,2920.0,9296.0
Retention_Focused_1_to_3,0.72,1.0,3.0,509.0,2987.0,9470.0
Retention_Focused_1_to_3,0.73,1.0,3.0,474.0,3042.0,9600.0
Retention_Focused_1_to_3,0.74,1.0,3.0,452.0,3102.0,9758.0
Retention_Focused_1_to_3,0.75,1.0,3.0,425.0,3177.0,9956.0
Retention_Focused_1_to_3,0.76,1.0,3.0,394.0,3245.0,10129.0
Retention_Focused_1_to_3,0.77,1.0,3.0,367.0,3321.0,10330.0
Retention_Focused_1_to_3,0.78,1.0,3.0,344.0,3403.0,10553.0
Retention_Focused_1_to_3,0.79,1.0,3.0,312.0,3487.0,10773.0
Retention_Focused_1_to_3,0.8,1.0,3.0,289.0,3581.0,11032.0
Retention_Focused_1_to_3,0.81,1.0,3.0,263.0,3699.0,11360.0
Retention_Focused_1_to_3,0.82,1.0,3.0,227.0,3816.0,11675.0
Retention_Focused_1_to_3,0.83,1.0,3.0,202.0,3900.0,11902.0
Retention_Focused_1_to_3,0.84,1.0,3.0,179.0,3998.0,12173.0
Retention_Focused_1_to_3,0.85,1.0,3.0,147.0,4118.0,12501.0
High_Missed_Churn_Cost_1_to_5,0.05,1.0,5.0,8052.0,408.0,10092.0
High_Missed_Churn_Cost_1_to_5,0.06,1.0,5.0,7146.0,471.0,9501.0
High_Missed_Churn_Cost_1_to_5,0.07,1.0,5.0,6419.0,519.0,9014.0
High_Missed_Churn_Cost_1_to_5,0.08,1.0,5.0,5830.0,572.0,8690.0
High_Missed_Churn_Cost_1_to_5,0.09,1.0,5.0,5398.0,620.0,8498.0
High_Missed_Churn_Cost_1_to_5,0.1,1.0,5.0,5005.0,673.0,8370.0
High_Missed_Churn_Cost_1_to_5,0.11,1.0,5.0,4642.0,731.0,8297.0
High_Missed_Churn_Cost_1_to_5,0.12,1.0,5.0,4327.0,780.0,8227.0
High_Missed_Churn_Cost_1_to_5,0.13,1.0,5.0,4084.0,818.0,8174.0
High_Missed_Churn_Cost_1_to_5,0.14,1.0,5.0,3880.0,849.0,8125.0
High_Missed_Churn_Cost_1_to_5,0.15,1.0,5.0,3684.0,879.0,8079.0
High_Missed_Churn_Cost_1_to_5,0.16,1.0,5.0,3492.0,908.0,8032.0
High_Missed_Churn_Cost_1_to_5,0.17,1.0,5.0,3332.0,941.0,8037.0
High_Missed_Churn_Cost_1_to_5,0.18,1.0,5.0,3207.0,985.0,8132.0
High_Missed_Churn_Cost_1_to_5,0.19,1.0,5.0,3072.0,1023.0,8187.0
High_Missed_Churn_Cost_1_to_5,0.2,1.0,5.0,2938.0,1042.0,8148.0
High_Missed_Churn_Cost_1_to_5,0.21,1.0,5.0,2814.0,1086.0,8244.0
High_Missed_Churn_Cost_1_to_5,0.22,1.0,5.0,2708.0,1125.0,8333.0
High_Missed_Churn_Cost_1_to_5,0.23,1.0,5.0,2610.0,1167.0,8445.0
High_Missed_Churn_Cost_1_to_5,0.24,1.0,5.0,2491.0,1194.0,8461.0
High_Missed_Churn_Cost_1_to_5,0.25,1.0,5.0,2380.0,1214.0,8450.0
High_Missed_Churn_Cost_1_to_5,0.26,1.0,5.0,2303.0,1245.0,8528.0
High_Missed_Churn_Cost_1_to_5,0.27,1.0,5.0,2218.0,1279.0,8613.0
High_Missed_Churn_Cost_1_to_5,0.28,1.0,5.0,2164.0,1302.0,8674.0
High_Missed_Churn_Cost_1_to_5,0.29,1.0,5.0,2087.0,1321.0,8692.0
High_Missed_Churn_Cost_1_to_5,0.3,1.0,5.0,2007.0,1353.0,8772.0
High_Missed_Churn_Cost_1_to_5,0.31,1.0,5.0,1942.0,1378.0,8832.0
High_Missed_Churn_Cost_1_to_5,0.32,1.0,5.0,1887.0,1401.0,8892.0
High_Missed_Churn_Cost_1_to_5,0.33,1.0,5.0,1842.0,1435.0,9017.0
High_Missed_Churn_Cost_1_to_5,0.34,1.0,5.0,1806.0,1472.0,9166.0
High_Missed_Churn_Cost_1_to_5,0.35,1.0,5.0,1755.0,1497.0,9240.0
High_Missed_Churn_Cost_1_to_5,0.36,1.0,5.0,1703.0,1532.0,9363.0
High_Missed_Churn_Cost_1_to_5,0.37,1.0,5.0,1666.0,1555.0,9441.0
High_Missed_Churn_Cost_1_to_5,0.38,1.0,5.0,1616.0,1590.0,9566.0
High_Missed_Churn_Cost_1_to_5,0.39,1.0,5.0,1583.0,1622.0,9693.0
High_Missed_Churn_Cost_1_to_5,0.4,1.0,5.0,1544.0,1639.0,9739.0
High_Missed_Churn_Cost_1_to_5,0.41,1.0,5.0,1500.0,1664.0,9820.0
High_Missed_Churn_Cost_1_to_5,0.42,1.0,5.0,1461.0,1694.0,9931.0
High_Missed_Churn_Cost_1_to_5,0.43,1.0,5.0,1420.0,1726.0,10050.0
High_Missed_Churn_Cost_1_to_5,0.44,1.0,5.0,1392.0,1748.0,10132.0
High_Missed_Churn_Cost_1_to_5,0.45,1.0,5.0,1347.0,1773.0,10212.0
High_Missed_Churn_Cost_1_to_5,0.46,1.0,5.0,1316.0,1802.0,10326.0
High_Missed_Churn_Cost_1_to_5,0.47,1.0,5.0,1276.0,1828.0,10416.0
High_Missed_Churn_Cost_1_to_5,0.48,1.0,5.0,1249.0,1857.0,10534.0
High_Missed_Churn_Cost_1_to_5,0.49,1.0,5.0,1218.0,1889.0,10663.0
High_Missed_Churn_Cost_1_to_5,0.5,1.0,5.0,1189.0,1915.0,10764.0
High_Missed_Churn_Cost_1_to_5,0.51,1.0,5.0,1154.0,1950.0,10904.0
High_Missed_Churn_Cost_1_to_5,0.52,1.0,5.0,1119.0,1981.0,11024.0
High_Missed_Churn_Cost_1_to_5,0.53,1.0,5.0,1094.0,2029.0,11239.0
High_Missed_Churn_Cost_1_to_5,0.54,1.0,5.0,1067.0,2073.0,11432.0
High_Missed_Churn_Cost_1_to_5,0.55,1.0,5.0,1038.0,2114.0,11608.0
High_Missed_Churn_Cost_1_to_5,0.56,1.0,5.0,1003.0,2155.0,11778.0
High_Missed_Churn_Cost_1_to_5,0.57,1.0,5.0,973.0,2193.0,11938.0
High_Missed_Churn_Cost_1_to_5,0.58,1.0,5.0,935.0,2242.0,12145.0
High_Missed_Churn_Cost_1_to_5,0.59,1.0,5.0,909.0,2274.0,12279.0
High_Missed_Churn_Cost_1_to_5,0.6,1.0,5.0,881.0,2311.0,12436.0
High_Missed_Churn_Cost_1_to_5,0.61,1.0,5.0,851.0,2357.0,12636.0
High_Missed_Churn_Cost_1_to_5,0.62,1.0,5.0,826.0,2402.0,12836.0
High_Missed_Churn_Cost_1_to_5,0.63,1.0,5.0,796.0,2453.0,13061.0
High_Missed_Churn_Cost_1_to_5,0.64,1.0,5.0,757.0,2524.0,13377.0
High_Missed_Churn_Cost_1_to_5,0.65,1.0,5.0,715.0,2572.0,13575.0
High_Missed_Churn_Cost_1_to_5,0.66,1.0,5.0,690.0,2629.0,13835.0
High_Missed_Churn_Cost_1_to_5,0.67,1.0,5.0,659.0,2677.0,14044.0
High_Missed_Churn_Cost_1_to_5,0.68,1.0,5.0,631.0,2731.0,14286.0
High_Missed_Churn_Cost_1_to_5,0.69,1.0,5.0,599.0,2800.0,14599.0
High_Missed_Churn_Cost_1_to_5,0.7,1.0,5.0,567.0,2861.0,14872.0
High_Missed_Churn_Cost_1_to_5,0.71,1.0,5.0,536.0,2920.0,15136.0
High_Missed_Churn_Cost_1_to_5,0.72,1.0,5.0,509.0,2987.0,15444.0
High_Missed_Churn_Cost_1_to_5,0.73,1.0,5.0,474.0,3042.0,15684.0
High_Missed_Churn_Cost_1_to_5,0.74,1.0,5.0,452.0,3102.0,15962.0
High_Missed_Churn_Cost_1_to_5,0.75,1.0,5.0,425.0,3177.0,16310.0
High_Missed_Churn_Cost_1_to_5,0.76,1.0,5.0,394.0,3245.0,16619.0
High_Missed_Churn_Cost_1_to_5,0.77,1.0,5.0,367.0,3321.0,16972.0
High_Missed_Churn_Cost_1_to_5,0.78,1.0,5.0,344.0,3403.0,17359.0
High_Missed_Churn_Cost_1_to_5,0.79,1.0,5.0,312.0,3487.0,17747.0
High_Missed_Churn_Cost_1_to_5,0.8,1.0,5.0,289.0,3581.0,18194.0
High_Missed_Churn_Cost_1_to_5,0.81,1.0,5.0,263.0,3699.0,18758.0
High_Missed_Churn_Cost_1_to_5,0.82,1.0,5.0,227.0,3816.0,19307.0
High_Missed_Churn_Cost_1_to_5,0.83,1.0,5.0,202.0,3900.0,19702.0
High_Missed_Churn_Cost_1_to_5,0.84,1.0,5.0,179.0,3998.0,20169.0
High_Missed_Churn_Cost_1_to_5,0.85,1.0,5.0,147.0,4118.0,20737.0
