threshold,accuracy,precision,recall,f1,targeting_rate,churn_capture,lift,true_negatives,false_positives,false_negatives,true_positives,predicted_churn_count,actual_churn_count,missed_churn_rate,actual_churn_rate
0.05,0.8489258736763157,0.39685393258426965,0.9284963196635121,0.5560453400503779,0.23839711423418275,0.9284963196635121,3.8947464722724354,42241,8052,408,5298,13350,5706,0.007285844390078395,0.10189467669065519
0.06,0.863979713923463,0.42282529682578146,0.9174553101997897,0.578868800796152,0.22109323380774656,0.9174553101997897,4.149630879240612,43147,7146,471,5235,12381,5706,0.008410864479722852,0.10189467669065519
0.07,0.8761049304451866,0.4469240048250905,0.9090431125131441,0.5992375231053604,0.20725370095894569,0.9090431125131441,4.386136934139545,43874,6419,519,5187,11606,5706,0.009268022643261487,0.10189467669065519
0.08,0.8856765299380346,0.46825975921196644,0.8997546442341395,0.6159568086382724,0.19578921052161646,0.8997546442341395,4.595527209272855,44463,5830,572,5134,10964,5706,0.010214468115502062,0.10189467669065519
0.09,0.8925337952463437,0.48512018313620753,0.8913424465474938,0.6282890673255096,0.18721762888623011,0.8913424465474938,4.760996343400716,44895,5398,620,5086,10484,5706,0.011071626279040698,0.10189467669065519
0.1,0.8986053322380757,0.50139470013947,0.8820539782684893,0.639354674796748,0.17925320095001696,0.8820539782684893,4.920715354558392,45288,5005,673,5033,10038,5706,0.012018071751281273,0.10189467669065519
0.11,0.9040518580688941,0.5173130914006447,0.8718892393971258,0.6493506493506495,0.17173520955731353,0.8718892393971258,5.076939327960866,45651,4642,731,4975,9617,5706,0.01305380453222379,0.10189467669065519
0.12,0.9088019428918374,0.5323678806873446,0.8633017875920084,0.6586001738084096,0.1652350934838122,0.8633017875920084,5.224687863759308,45966,4327,780,4926,9253,5706,0.013928820157502813,0.10189467669065519
0.13,0.9124627225486169,0.5448060633080696,0.8566421310900806,0.6660307943861562,0.16021714673476312,0.8566421310900806,5.346756876829406,46209,4084,818,4888,8972,5706,0.014607403703637565,0.10189467669065519
0.14,0.9155520634297041,0.5559116401510816,0.8512092534174553,0.6725749498026726,0.1560206432257719,0.8512092534174553,5.4557476229969195,46413,3880,849,4857,8737,5706,0.0151609850175896,0.10189467669065519
0.15,0.9185164020786085,0.5671483961931618,0.8459516298633017,0.6790462122810719,0.15198485687244415,0.8459516298633017,5.566025769088831,46609,3684,879,4827,8511,5706,0.015696708869801245,0.10189467669065519
0.16,0.9214271683422919,0.5787696019300362,0.84086926042762,0.6856244641326092,0.14803835782781835,0.84086926042762,5.680076925776392,46801,3492,908,4798,8290,5706,0.016214575260272503,0.10189467669065519
0.17,0.9236950659833212,0.5884895640360628,0.8350858745180512,0.6904296167499819,0.14459186771192342,0.8350858745180512,5.775469172179369,46961,3332,941,4765,8097,5706,0.016803871497705316,0.10189467669065519
0.18,0.9251415203842925,0.5954843592330978,0.8273746933052927,0.6925333724512249,0.14157395667779782,0.8273746933052927,5.844116479616938,47086,3207,985,4721,7928,5706,0.0175895998142824,0.10189467669065519
0.19,0.9268736941731103,0.6038684719535783,0.8207150368033649,0.6957878315132605,0.13848461579671065,0.8207150368033649,5.926398626170423,47221,3072,1023,4683,7755,5706,0.01826818336041715,0.10189467669065519
0.2,0.9289273022732549,0.613522757169166,0.8173852085524009,0.700931770363691,0.13575242415043126,0.8173852085524009,6.021146315933425,47355,2938,1042,4664,7602,5706,0.018607475133484527,0.10189467669065519
0.21,0.930355899212486,0.6214689265536724,0.8096740273396424,0.7031963470319633,0.13275237057804604,0.8096740273396424,6.099130462334226,47479,2814,1086,4620,7434,5706,0.019393203450061607,0.10189467669065519
0.22,0.9315523491490919,0.628481273151324,0.8028391167192429,0.7050404001539053,0.13016303862568973,0.8028391167192429,6.167950020189449,47585,2708,1125,4581,7289,5706,0.020089644457936748,0.10189467669065519
0.23,0.9325523670065536,0.6349139739823751,0.795478443743428,0.7061843640606769,0.1276629939820354,0.795478443743428,6.231080902390295,47683,2610,1167,4539,7149,5706,0.020839657851033054,0.10189467669065519
0.24,0.9341952534866694,0.6442953020134228,0.7907465825446898,0.7100479974820992,0.12505580456793872,0.7907465825446898,6.323149775227771,47802,2491,1194,4512,7003,5706,0.021321809318023535,0.10189467669065519
0.25,0.9358202825050448,0.6536670547147846,0.7872415001752541,0.7142629988869453,0.12271647707994786,0.7872415001752541,6.415124675249426,47913,2380,1214,4492,6872,5706,0.0216789585528313,0.10189467669065519
0.26,0.9366417257451026,0.6595209934949734,0.7818086225026288,0.715477145148356,0.12078787121198593,0.7818086225026288,6.472575554631093,47990,2303,1245,4461,6764,5706,0.022232539866783335,0.10189467669065519
0.27,0.9375524562938624,0.6662151993980436,0.7758499824745881,0.716865031171565,0.11866283326487972,0.7758499824745881,6.538272862090965,48075,2218,1279,4427,6645,5706,0.022839693565956536,0.10189467669065519
0.28,0.9381060376078144,0.6705237515225335,0.7718191377497371,0.717614469610559,0.11728780871086984,0.7718191377497371,6.580557231249624,48129,2164,1302,4404,6568,5706,0.023250415185985463,0.10189467669065519
0.29,0.9391417703887569,0.6775339925834364,0.7684893094987733,0.7201510921333553,0.11557349238379257,0.7684893094987733,6.649356125250588,48206,2087,1321,4385,6472,5706,0.02358970695905284,0.10189467669065519
0.3,0.9399989285522956,0.684433962264151,0.7628811777076762,0.7215315763301839,0.11357345666886909,0.7628811777076762,6.717072809819522,48286,2007,1353,4353,6360,5706,0.024161145734745263,0.10189467669065519
0.31,0.9407132270219111,0.6902711323763955,0.7584998247458815,0.7227788911155644,0.11196628511223415,0.7584998247458815,6.77435912056533,48351,1942,1378,4328,6270,5706,0.02460758227825497,0.10189467669065519
0.32,0.9412846657976035,0.6952519379844961,0.7544689800210305,0.7236510337871911,0.11057340309648386,0.7544689800210305,6.823241022641745,48406,1887,1401,4305,6192,5706,0.025018303898283897,0.10189467669065519
0.33,0.9414810978767478,0.6986749550139048,0.7485103399929899,0.7227345799136983,0.1091626636189932,0.7485103399929899,6.856834701336077,48451,1842,1435,4271,6113,5706,0.0256254575974571,0.10189467669065519
0.34,0.9414632404150074,0.7009933774834437,0.7420259376095338,0.7209262727737101,0.10785906891194486,0.7420259376095338,6.879587827847067,48487,1806,1472,4234,6040,5706,0.026286183681851462,0.10189467669065519
0.35,0.9419275344202575,0.7057344064386318,0.7376445846477392,0.7213367609254498,0.10650190181967535,0.7376445846477392,6.926116548572895,48538,1755,1497,4209,5964,5706,0.026732620225361166,0.10189467669065519
0.36,0.9422311112698442,0.710226305938404,0.7315106905012267,0.7207113873780541,0.10494830264826158,0.7315106905012267,6.970200299026407,48590,1703,1532,4174,5877,5706,0.027357631386274756,0.10189467669065519
0.37,0.9424811157342096,0.7135980746089049,0.7274798457763757,0.7204720992797015,0.10387685494383828,0.7274798457763757,7.00329102348827,48627,1666,1555,4151,5817,5706,0.027768353006303682,0.10189467669065519
0.38,0.9427489776603154,0.7180739706908583,0.7213459516298633,0.7197062423500612,0.10235897069590529,0.7213459516298633,7.047217715513034,48677,1616,1590,4116,5732,5706,0.028393364167217272,0.10189467669065519
0.39,0.9427668351220557,0.7206634903829187,0.7157378198387662,0.7181922096192738,0.10119823568278005,0.7157378198387662,7.072631405179295,48710,1583,1622,4084,5667,5706,0.028964802942909696,0.10189467669065519
0.4,0.9431596992803443,0.7248262341828551,0.7127584998247459,0.7187417160024742,0.1001982178253183,0.7127584998247459,7.113484803365879,48749,1544,1639,4067,5611,5706,0.029268379792496295,0.10189467669065519
0.41,0.9434989910534116,0.7293395885961746,0.7083771468629513,0.7187055476529159,0.09896605296523152,0.7083771468629513,7.157779113529124,48793,1500,1664,4042,5542,5706,0.029714816336006,0.10189467669065519
0.42,0.9436597082090752,0.7330531701078019,0.7031195233087978,0.7177743984256195,0.09773388810514473,0.7031195233087978,7.194224408143499,48832,1461,1694,4012,5473,5706,0.030250540188217646,0.10189467669065519
0.43,0.9438204253647386,0.737037037037037,0.6975113915177007,0.7167296956600036,0.09643029339809639,0.6975113915177007,7.233322298814763,48873,1420,1726,3980,5400,5706,0.03082197896391007,0.10189467669065519
0.44,0.943927570135181,0.7398130841121495,0.6936558009113214,0.7159913169319827,0.09553742031107698,0.6936558009113214,7.26056657854824,48901,1392,1748,3958,5350,5706,0.03121484312219861,0.10189467669065519
0.45,0.9442847193699887,0.7448863636363636,0.6892744479495269,0.7160021845985801,0.0942873979892498,0.6892744479495269,7.310356024758629,48946,1347,1773,3933,5280,5706,0.031661279665708315,0.10189467669065519
0.46,0.9443204342934696,0.7478927203065134,0.6841920785138451,0.7146256635548235,0.09321595028482652,0.6841920785138451,7.339860575612416,48977,1316,1802,3904,5220,5706,0.032179146056179574,0.10189467669065519
0.47,0.944570438757835,0.7524253007372914,0.6796354714335787,0.7141804788213627,0.09203735780996089,0.6796354714335787,7.384343570975743,49017,1276,1828,3878,5154,5706,0.03264344006142967,0.10189467669065519
0.48,0.9445347238343542,0.7550019615535504,0.674553101997897,0.7125138837467605,0.09103733995249916,0.674553101997897,7.4096310629227595,49044,1249,1857,3849,5098,5706,0.03316130645190093,0.10189467669065519
0.49,0.9445168663726138,0.7580933465739821,0.6689449702067999,0.7107345684759332,0.0899123198628547,0.6689449702067999,7.439970086715111,49075,1218,1889,3817,5035,5706,0.03373274522759335,0.10189467669065519
0.5,0.944570438757835,0.7612449799196788,0.6643883631265335,0.709526483249111,0.08893015946713334,0.6643883631265335,7.470900390908183,49104,1189,1915,3791,4980,5706,0.034197039232843444,0.10189467669065519
0.51,0.944570438757835,0.764969450101833,0.658254468980021,0.707611152976639,0.08768013714530616,0.658254468980021,7.507452547538127,49139,1154,1950,3756,4910,5706,0.034822050393757034,0.10189467669065519
0.52,0.9446418686047965,0.7689925681255161,0.6528215913073957,0.7061611374407584,0.08650154467044055,0.6528215913073957,7.5469356506240395,49174,1119,1981,3725,4844,5706,0.03537563170770907,0.10189467669065519
0.53,0.9442311469847676,0.770697966883253,0.6444093936207501,0.7019184881168273,0.08519794996339221,0.6444093936207501,7.563672528477968,49199,1094,2029,3677,4771,5706,0.0362327898712477,0.10189467669065519
0.54,0.943927570135181,0.7729787234042553,0.6366982124079916,0.6982510090332501,0.08393007017982464,0.6366982124079916,7.586055999284069,49226,1067,2073,3633,4700,5706,0.037018518187824784,0.10189467669065519
0.55,0.9437132805942964,0.7758099352051836,0.6295127935506485,0.695046439628483,0.08268004785799746,0.6295127935506485,7.613841668691743,49255,1038,2114,3592,4630,5706,0.0377506741191807,0.10189467669065519
0.56,0.943606135823854,0.779754062362758,0.6223273746933053,0.6922027290448344,0.08132288076572795,0.6223273746933053,7.652549551043129,49290,1003,2155,3551,4554,5706,0.03848283005053662,0.10189467669065519
0.57,0.9434632761299309,0.7831029870708872,0.6156677181913774,0.6893642072213501,0.08010857336738156,0.6156677181913774,7.685416083593167,49320,973,2193,3513,4486,5706,0.03916141359667137,0.10189467669065519
0.58,0.9432668440507866,0.7874516935667197,0.6070802663862601,0.6856011875309252,0.07855497419596778,0.6070802663862601,7.7280945299759445,49358,935,2242,3464,4399,5706,0.040036429221950394,0.10189467669065519
0.59,0.9431596992803443,0.7906012439530062,0.601472134595163,0.6831890116452674,0.07751924141502527,0.601472134595163,7.75900439189001,49384,909,2274,3432,4341,5706,0.040607867997642814,0.10189467669065519
0.6,0.9429989821246808,0.7939663236669785,0.594987732211707,0.6802244039270687,0.07635850640190003,0.594987732211707,7.7920294705620625,49412,881,2311,3395,4276,5706,0.04126859408203718,0.10189467669065519
0.61,0.9427132627368345,0.7973809523809524,0.5869260427620049,0.676155865132243,0.07500133930963053,0.5869260427620049,7.825540825864169,49442,851,2357,3349,4200,5706,0.042090037322095035,0.10189467669065519
0.62,0.9423561135020269,0.8,0.5790396074307746,0.6718178121187475,0.07375131698780335,0.5790396074307746,7.85124430424115,49467,826,2402,3304,4130,5706,0.04289362310041251,0.10189467669065519
0.63,0.9419811068054786,0.8034082489503581,0.5701016473887136,0.6669400307534598,0.07230486258683191,0.5701016473887136,7.884693048189817,49497,796,2453,3253,4049,5706,0.0438043536491723,0.10189467669065519
0.64,0.9414096680297862,0.8078192434628079,0.557658604977217,0.6598237428719544,0.0703405417953892,0.557658604977217,7.927982792617206,49536,757,2524,3182,3939,5706,0.04507223343273987,0.10189467669065519
0.65,0.9413025232593439,0.8142374642764354,0.5492464072905713,0.6559916274201989,0.06873337023875427,0.5492464072905713,7.9909715671251496,49578,715,2572,3134,3849,5706,0.045929391596278506,0.10189467669065519
0.66,0.9407310844836515,0.8168303689938944,0.5392569225376797,0.6496358070305078,0.06726905837604243,0.5392569225376797,8.016418477618137,49603,690,2629,3077,3767,5706,0.04694726691548063,0.10189467669065519
0.67,0.9404275076340649,0.8213123644251626,0.530844724851034,0.6448797104534809,0.06585831889855176,0.530844724851034,8.060405028994861,49634,659,2677,3029,3688,5706,0.04780442507901927,0.10189467669065519
0.68,0.9399632136288149,0.8250138657792568,0.5213810024535577,0.6389604810996563,0.06439400703583993,0.5213810024535577,8.096731768274202,49662,631,2731,2975,3606,5706,0.04876872801300023,0.10189467669065519
0.69,0.9393024875444205,0.8291012838801712,0.5092884682790045,0.630984692215829,0.06259040340006071,0.5092884682790045,8.136845915879023,49694,599,2800,2906,3505,5706,0.05000089287308702,0.10189467669065519
0.7,0.9387846211539492,0.8338218053927315,0.49859796705222575,0.6240403597280105,0.06092965945820461,0.49859796705222575,8.183173375427195,49726,567,2861,2845,3412,5706,0.0510901980392507,0.10189467669065519
0.71,0.9382846122252183,0.8386514148103552,0.48825797406239047,0.6171909614532566,0.05932248790156967,0.48825797406239047,8.230571429716978,49757,536,2920,2786,3322,5706,0.052143788281933605,0.10189467669065519
0.72,0.9375703137556027,0.8423172242874845,0.47651594812478093,0.6086859189612714,0.057643886497973175,0.47651594812478093,8.26654788693916,49784,509,2987,2719,3228,5706,0.053340238218539615,0.10189467669065519
0.73,0.9372131645207951,0.8489483747609943,0.4668769716088328,0.6024423337856174,0.05603671494133824,0.4668769716088328,8.331626364921297,49819,474,3042,2664,3138,5706,0.05432239861426097,0.10189467669065519
0.74,0.9365345809746602,0.8520942408376964,0.45636172450052576,0.5943848436430038,0.0545724030786264,0.45636172450052576,8.362500068817063,49841,452,3102,2604,3056,5706,0.05539384631868426,0.10189467669065519
0.75,0.9356774228111217,0.8561272850372377,0.443217665615142,0.5840646651270209,0.0527509419811068,0.443217665615142,8.402080587942566,49868,425,3177,2529,2954,5706,0.05673315594921338,0.10189467669065519
0.76,0.9350166967267273,0.8619964973730297,0.43130038555906064,0.5749328349491881,0.05098305326880837,0.43130038555906064,8.459681362844776,49899,394,3245,2461,2855,5706,0.05794746334755978,0.10189467669065519
0.77,0.9341416811014482,0.8666424418604651,0.41798107255520506,0.5639631118467723,0.04914373470954839,0.41798107255520506,8.505276919338273,49926,367,3321,2385,2752,5706,0.05930463043982928,0.10189467669065519
0.78,0.9330880908587653,0.8700415564790329,0.4036102348405188,0.5514186519813241,0.047268701226807625,0.4036102348405188,8.538636018448889,49949,344,3403,2303,2647,5706,0.06076894230254112,0.10189467669065519
0.79,0.9321595028482651,0.8767285657842749,0.3888888888888889,0.538788393832706,0.045197235664922585,0.3888888888888889,8.604262698099127,49981,312,3487,2219,2531,5706,0.06226896908873373,0.10189467669065519
0.8,0.9308916230646976,0.8802816901408451,0.37241500175254116,0.5233990147783251,0.043107912641297166,0.37241500175254116,8.639133257307602,50004,289,3581,2125,2414,5706,0.06394757049233021,0.10189467669065519
0.81,0.9292487365845818,0.8841409691629956,0.35173501577287064,0.503259779338014,0.04053643815068126,0.35173501577287064,8.677008435359024,50030,263,3699,2007,2270,5706,0.06605475097769603,0.10189467669065519
0.82,0.9278022821836104,0.8927727916863486,0.3312302839116719,0.4831905918445609,0.03780424650440187,0.3312302839116719,8.761721619636143,50066,227,3816,1890,2117,5706,0.06814407400132146,0.10189467669065519
0.83,0.9267486919409276,0.899402390438247,0.31650893796004204,0.46823956442831216,0.03585778317469955,0.31650893796004204,8.82678486893645,50091,202,3900,1806,2008,5706,0.06964410078751407,0.10189467669065519
0.84,0.9254093823103984,0.9051404345521993,0.2993340343498072,0.44988805478730415,0.03369703030411257,0.2993340343498072,8.883098351645392,50114,179,3998,1708,1887,5706,0.07139413203807211,0.10189467669065519
0.85,0.9238379256772442,0.9152737752161383,0.27830354013319314,0.42682435156564974,0.030982696119573563,0.27830354013319314,8.98254751810875,50146,147,4118,1588,1735,5706,0.0735370274469187,0.10189467669065519
