feature,coefficient,absolute_coefficient,direction
spl_ic_mou_8,-0.7499688497132491,0.7499688497132491,Higher feature value associated with lower churn probability
total_ic_mou_min_6_8,-0.7275654031479152,0.7275654031479152,Higher feature value associated with lower churn probability
voice_inactive_8,0.5640075310852157,0.5640075310852157,Higher feature value associated with higher churn probability
total_rech_data_8,-0.5564511364346847,0.5564511364346847,Higher feature value associated with lower churn probability
total_rech_num_8,-0.5371784530468975,0.5371784530468975,Higher feature value associated with lower churn probability
loc_ic_mou_max_6_8,-0.5334693571981648,0.5334693571981648,Higher feature value associated with lower churn probability
recharge_count_min_6_8,0.4840939287677544,0.4840939287677544,Higher feature value associated with higher churn probability
sachet_2g_8,0.46355047819344747,0.46355047819344747,Higher feature value associated with higher churn probability
vol_2g_mb_pct_change_6_to_8,-0.3885353497474093,0.3885353497474093,Higher feature value associated with lower churn probability
last_day_rch_amt_8,-0.3500153445008366,0.3500153445008366,Higher feature value associated with lower churn probability
voice_rech_recency_8_high_flag,0.33721886577798965,0.33721886577798965,Higher feature value associated with higher churn probability
loc_og_mou_min_6_8,0.3350189930089107,0.3350189930089107,Higher feature value associated with higher churn probability
total_rech_data_8_missing,0.32828259379584945,0.32828259379584945,Higher feature value associated with higher churn probability
aon,-0.3232158371003283,0.3232158371003283,Higher feature value associated with lower churn probability
max_rech_amt_8,0.3145434612284194,0.3145434612284194,Higher feature value associated with higher churn probability
total_ic_mou_max_6_8,0.2904028378968456,0.2904028378968456,Higher feature value associated with higher churn probability
std_og_mou_pct_change_6_to_8,-0.28978227263623896,0.28978227263623896,Higher feature value associated with lower churn probability
no_recharge_count_8,0.27128552058792077,0.27128552058792077,Higher feature value associated with higher churn probability
loc_og_t2m_mou_8,-0.26224272934827336,0.26224272934827336,Higher feature value associated with lower churn probability
recharge_count_recent_vs_baseline_pct,0.2568464475806851,0.2568464475806851,Higher feature value associated with higher churn probability
loc_ic_t2f_mou_8,-0.24530339746565447,0.24530339746565447,Higher feature value associated with lower churn probability
recharge_count_std_6_8,0.24507452322942833,0.24507452322942833,Higher feature value associated with higher churn probability
loc_og_mou_std_6_8,0.24453516351785898,0.24453516351785898,Higher feature value associated with higher churn probability
std_ic_t2f_mou_8,-0.23734788396849787,0.23734788396849787,Higher feature value associated with lower churn probability
recharge_num_change_6_to_8,0.2348260044582991,0.2348260044582991,Higher feature value associated with higher churn probability
arpu_8,0.22238087779265028,0.22238087779265028,Higher feature value associated with higher churn probability
arpu_avg_6_8,0.22176848162746524,0.22176848162746524,Higher feature value associated with higher churn probability
voice_inactive_6,0.21513226266087757,0.21513226266087757,Higher feature value associated with higher churn probability
loc_og_mou_8,-0.2132124693666239,0.2132124693666239,Higher feature value associated with lower churn probability
recharge_amount_min_6_8,-0.17286688301955738,0.17286688301955738,Higher feature value associated with lower churn probability
loc_ic_t2t_mou_6,0.1718518392168394,0.1718518392168394,Higher feature value associated with higher churn probability
arpu_7,0.17152275344056286,0.17152275344056286,Higher feature value associated with higher churn probability
loc_ic_t2m_mou_7,0.1665192350242576,0.1665192350242576,Higher feature value associated with higher churn probability
spl_og_mou_8_missing,0.16651768360418487,0.16651768360418487,Higher feature value associated with higher churn probability
loc_ic_mou_change_6_to_8,0.16246239501338958,0.16246239501338958,Higher feature value associated with higher churn probability
arpu_std_6_8,0.1623503294489484,0.1623503294489484,Higher feature value associated with higher churn probability
total_rech_amt_8,-0.16179050941393225,0.16179050941393225,Higher feature value associated with lower churn probability
loc_ic_t2m_mou_8,-0.1611471797730026,0.1611471797730026,Higher feature value associated with lower churn probability
loc_ic_t2m_mou_6,0.15858134690466621,0.15858134690466621,Higher feature value associated with higher churn probability
arpu_min_6_8,-0.15498935650197715,0.15498935650197715,Higher feature value associated with lower churn probability
std_ic_mou_pct_change_7_to_8,-0.1518005771527274,0.1518005771527274,Higher feature value associated with lower churn probability
total_og_mou_std_6_8,-0.1477957785406935,0.1477957785406935,Higher feature value associated with lower churn probability
total_og_mou_change_6_to_8,-0.14725864867166671,0.14725864867166671,Higher feature value associated with lower churn probability
loc_ic_mou_min_6_8,-0.14705696681778954,0.14705696681778954,Higher feature value associated with lower churn probability
recharge_count_recent_vs_baseline,-0.14668680580379173,0.14668680580379173,Higher feature value associated with lower churn probability
loc_og_mou_change_6_to_8,0.14587358600434827,0.14587358600434827,Higher feature value associated with higher churn probability
loc_ic_mou_6,0.14300805710827486,0.14300805710827486,Higher feature value associated with higher churn probability
voice_inactive_7,0.14204236852704175,0.14204236852704175,Higher feature value associated with higher churn probability
loc_ic_mou_7,0.1372821520320689,0.1372821520320689,Higher feature value associated with higher churn probability
total_activity_trend_score,-0.137060508100186,0.137060508100186,Higher feature value associated with lower churn probability
loc_ic_mou_8,-0.13667965329399942,0.13667965329399942,Higher feature value associated with lower churn probability
roam_og_mou_std_6_8,0.13184091050935168,0.13184091050935168,Higher feature value associated with higher churn probability
std_og_t2t_mou_8,0.12980940756805018,0.12980940756805018,Higher feature value associated with higher churn probability
total_activity_6,-0.1290216132553273,0.1290216132553273,Higher feature value associated with lower churn probability
isd_ic_mou_8,0.12811978915842442,0.12811978915842442,Higher feature value associated with higher churn probability
loc_ic_t2t_mou_7,0.12665005258356304,0.12665005258356304,Higher feature value associated with higher churn probability
total_og_mou_change_7_to_8,-0.1229927451705627,0.1229927451705627,Higher feature value associated with lower churn probability
arpu_recent_vs_baseline_pct,-0.11763039570028397,0.11763039570028397,Higher feature value associated with lower churn probability
std_og_mou_8,0.11007161696008201,0.11007161696008201,Higher feature value associated with higher churn probability
std_og_t2m_mou_8,0.1096749450579057,0.1096749450579057,Higher feature value associated with higher churn probability
total_rech_amt_7,-0.10892041597678247,0.10892041597678247,Higher feature value associated with lower churn probability
roam_og_mou_change_6_to_8,0.10513475720017455,0.10513475720017455,Higher feature value associated with higher churn probability
max_rech_amt_7,-0.10467835170107756,0.10467835170107756,Higher feature value associated with lower churn probability
total_ic_mou_8,-0.10317086535660351,0.10317086535660351,Higher feature value associated with lower churn probability
vol_2g_mb_min_6_8,-0.10094952169511201,0.10094952169511201,Higher feature value associated with lower churn probability
behavioral_decline_count,0.09892617516516976,0.09892617516516976,Higher feature value associated with higher churn probability
loc_ic_t2f_mou_7,0.0988055029925371,0.0988055029925371,Higher feature value associated with higher churn probability
loc_og_t2m_mou_6,-0.09744150397566763,0.09744150397566763,Higher feature value associated with lower churn probability
total_activity_change_7_to_8,-0.09523606437779263,0.09523606437779263,Higher feature value associated with lower churn probability
total_activity_8,-0.09416023485466678,0.09416023485466678,Higher feature value associated with lower churn probability
spl_og_mou_8,-0.09060423628417343,0.09060423628417343,Higher feature value associated with lower churn probability
recharge_amount_recent_vs_baseline_pct,-0.09033085314162781,0.09033085314162781,Higher feature value associated with lower churn probability
total_rech_num_7,-0.08751223980668678,0.08751223980668678,Higher feature value associated with lower churn probability
recharge_amount_trend_score,-0.08751091510332612,0.08751091510332612,Higher feature value associated with lower churn probability
recharge_count_trend_score,0.08495139743952865,0.08495139743952865,Higher feature value associated with higher churn probability
loc_og_t2t_mou_7,-0.08479829953019968,0.08479829953019968,Higher feature value associated with lower churn probability
voice_rech_recency_8,0.08395206439151583,0.08395206439151583,Higher feature value associated with higher churn probability
loc_og_t2t_mou_8,-0.08279227081319425,0.08279227081319425,Higher feature value associated with lower churn probability
total_ic_mou_change_6_to_8,-0.08234489472526588,0.08234489472526588,Higher feature value associated with lower churn probability
loc_og_mou_7,-0.08102731530050622,0.08102731530050622,Higher feature value associated with lower churn probability
onnet_mou_8,-0.080581707083775,0.080581707083775,Higher feature value associated with lower churn probability
total_voice_mou_8,-0.08034117801478351,0.08034117801478351,Higher feature value associated with lower churn probability
recharge_amt_change_7_to_8,-0.07831953099344255,0.07831953099344255,Higher feature value associated with lower churn probability
arpu_change_7_to_8,0.07802120645839512,0.07802120645839512,Higher feature value associated with higher churn probability
total_ic_mou_change_7_to_8,-0.07796289209780345,0.07796289209780345,Higher feature value associated with lower churn probability
voice_rech_recency_7,-0.07794332070776536,0.07794332070776536,Higher feature value associated with lower churn probability
total_ic_mou_pct_change_7_to_8,-0.07755181937420774,0.07755181937420774,Higher feature value associated with lower churn probability
roam_og_mou_8,-0.07625917682325986,0.07625917682325986,Higher feature value associated with lower churn probability
no_recharge_amt_8,0.07541216339664457,0.07541216339664457,Higher feature value associated with higher churn probability
loc_og_t2f_mou_6,-0.07498008292154552,0.07498008292154552,Higher feature value associated with lower churn probability
std_ic_mou_min_6_8,0.07091802439890656,0.07091802439890656,Higher feature value associated with higher churn probability
loc_og_mou_6,-0.06731969277028695,0.06731969277028695,Higher feature value associated with lower churn probability
recharge_amount_std_6_8,-0.06561885717732815,0.06561885717732815,Higher feature value associated with lower churn probability
std_ic_t2f_mou_7,0.06559353239958089,0.06559353239958089,Higher feature value associated with higher churn probability
std_og_mou_change_6_to_8,0.06551143406942911,0.06551143406942911,Higher feature value associated with higher churn probability
loc_ic_mou_change_7_to_8,-0.06357672728692466,0.06357672728692466,Higher feature value associated with lower churn probability
std_og_t2m_mou_6,0.06283657835819631,0.06283657835819631,Higher feature value associated with higher churn probability
loc_og_mou_pct_change_7_to_8,-0.05970071581222936,0.05970071581222936,Higher feature value associated with lower churn probability
loc_og_t2t_mou_6,0.058111745019281486,0.058111745019281486,Higher feature value associated with higher churn probability
roam_og_mou_min_6_8,0.05787382083097508,0.05787382083097508,Higher feature value associated with higher churn probability
total_voice_mou_6,0.057754170366764,0.057754170366764,Higher feature value associated with higher churn probability
total_ic_mou_7,-0.054307807979174214,0.054307807979174214,Higher feature value associated with lower churn probability
arpu_recent_vs_baseline,0.05246798399035616,0.05246798399035616,Higher feature value associated with higher churn probability
vol_3g_mb_8,-0.05231589416671565,0.05231589416671565,Higher feature value associated with lower churn probability
roam_og_mou_7,-0.052299601007379105,0.052299601007379105,Higher feature value associated with lower churn probability
loc_og_t2c_mou_8,0.051056904872714144,0.051056904872714144,Higher feature value associated with higher churn probability
spl_og_mou_7,0.04952810181651056,0.04952810181651056,Higher feature value associated with higher churn probability
std_og_mou_6,-0.04903281340002276,0.04903281340002276,Higher feature value associated with lower churn probability
total_og_mou_min_6_8,0.04635486978697163,0.04635486978697163,Higher feature value associated with higher churn probability
aug_vbc_3g,-0.04587225103474431,0.04587225103474431,Higher feature value associated with lower churn probability
vol_2g_mb_change_6_to_8,-0.045071423159401075,0.045071423159401075,Higher feature value associated with lower churn probability
total_og_mou_7,0.04336834678854326,0.04336834678854326,Higher feature value associated with higher churn probability
recharge_amount_recent_vs_baseline,-0.04322503766156259,0.04322503766156259,Higher feature value associated with lower churn probability
arpu_trend_score,0.04250502120836263,0.04250502120836263,Higher feature value associated with higher churn probability
offnet_mou_7,-0.04160037000804602,0.04160037000804602,Higher feature value associated with lower churn probability
roam_ic_mou_std_6_8,0.04134673469707956,0.04134673469707956,Higher feature value associated with higher churn probability
loc_og_t2f_mou_7,0.041172674556273624,0.041172674556273624,Higher feature value associated with higher churn probability
roam_ic_mou_8,-0.04066637036781042,0.04066637036781042,Higher feature value associated with lower churn probability
no_recharge_amt_7,0.04040424228537708,0.04040424228537708,Higher feature value associated with higher churn probability
total_og_mou_8,-0.0402205614282555,0.0402205614282555,Higher feature value associated with lower churn probability
loc_ic_mou_pct_change_7_to_8,0.037488876939761245,0.037488876939761245,Higher feature value associated with higher churn probability
total_ic_mou_6,-0.037157849371350284,0.037157849371350284,Higher feature value associated with lower churn probability
total_activity_change_6_to_8,0.036525980333230075,0.036525980333230075,Higher feature value associated with higher churn probability
total_og_mou_pct_change_6_to_8,0.036125282659561234,0.036125282659561234,Higher feature value associated with higher churn probability
recharge_num_pct_change_6_to_8,0.03156887751504032,0.03156887751504032,Higher feature value associated with higher churn probability
total_activity_pct_change_6_to_8,0.029259932190434455,0.029259932190434455,Higher feature value associated with higher churn probability
total_activity_7,-0.028860095035020312,0.028860095035020312,Higher feature value associated with lower churn probability
std_ic_t2t_mou_8,0.02790295721605207,0.02790295721605207,Higher feature value associated with higher churn probability
recharge_amt_pct_change_7_to_8,-0.027041382254764552,0.027041382254764552,Higher feature value associated with lower churn probability
loc_ic_t2f_mou_6,-0.025126690805248205,0.025126690805248205,Higher feature value associated with lower churn probability
total_og_mou_pct_change_7_to_8,-0.024459985031250825,0.024459985031250825,Higher feature value associated with lower churn probability
loc_og_mou_change_7_to_8,0.02442400242719657,0.02442400242719657,Higher feature value associated with higher churn probability
std_og_t2t_mou_6,0.023529571154588737,0.023529571154588737,Higher feature value associated with higher churn probability
arpu_change_6_to_8,0.021512429756590724,0.021512429756590724,Higher feature value associated with higher churn probability
vol_2g_mb_8,-0.02070664990552293,0.02070664990552293,Higher feature value associated with lower churn probability
std_ic_t2m_mou_8,0.02049386936798618,0.02049386936798618,Higher feature value associated with higher churn probability
recharge_amt_pct_change_6_to_8,0.019475286731488014,0.019475286731488014,Higher feature value associated with higher churn probability
std_ic_t2f_mou_6,-0.01872903284895782,0.01872903284895782,Higher feature value associated with lower churn probability
roam_ic_mou_7,0.018620315384858817,0.018620315384858817,Higher feature value associated with higher churn probability
arpu_pct_change_6_to_8,-0.017664247875200666,0.017664247875200666,Higher feature value associated with lower churn probability
recharge_value_per_transaction_8,-0.01594513665987222,0.01594513665987222,Higher feature value associated with lower churn probability
std_ic_mou_change_7_to_8,0.015117760612598886,0.015117760612598886,Higher feature value associated with higher churn probability
loc_ic_mou_std_6_8,0.014703781162956654,0.014703781162956654,Higher feature value associated with higher churn probability
loc_og_t2m_mou_7,0.014196166721623691,0.014196166721623691,Higher feature value associated with higher churn probability
last_day_rch_amt_7,-0.01367865076159664,0.01367865076159664,Higher feature value associated with lower churn probability
arpu_pct_change_7_to_8,-0.013441971415796132,0.013441971415796132,Higher feature value associated with lower churn probability
loc_og_t2f_mou_8,0.012845948481714319,0.012845948481714319,Higher feature value associated with higher churn probability
ic_others_8,-0.012738476535409824,0.012738476535409824,Higher feature value associated with lower churn probability
loc_ic_t2t_mou_8,0.009968801454800912,0.009968801454800912,Higher feature value associated with higher churn probability
av_rech_amt_data_std_6_8,0.008499704274546003,0.008499704274546003,Higher feature value associated with higher churn probability
total_voice_mou_7,0.0071744838774687285,0.0071744838774687285,Higher feature value associated with higher churn probability
offnet_mou_8,-0.005859935949852369,0.005859935949852369,Higher feature value associated with lower churn probability
roam_og_mou_6,-0.005776656869731396,0.005776656869731396,Higher feature value associated with lower churn probability
roam_og_mou_pct_change_7_to_8,0.005505746829956959,0.005505746829956959,Higher feature value associated with higher churn probability
loc_og_mou_pct_change_6_to_8,-0.005016138772202166,0.005016138772202166,Higher feature value associated with lower churn probability
total_ic_mou_pct_change_6_to_8,0.004885463946250184,0.004885463946250184,Higher feature value associated with higher churn probability
std_og_mou_change_7_to_8,-0.004847125613694834,0.004847125613694834,Higher feature value associated with lower churn probability
std_ic_mou_8,-0.004223529430217025,0.004223529430217025,Higher feature value associated with lower churn probability
recharge_amt_change_6_to_8,-0.003984385348401506,0.003984385348401506,Higher feature value associated with lower churn probability
roam_ic_mou_min_6_8,0.003889581285694561,0.003889581285694561,Higher feature value associated with higher churn probability
total_activity_pct_change_7_to_8,0.0038782529003977256,0.0038782529003977256,Higher feature value associated with higher churn probability
loc_og_mou_max_6_8,0.0036342189622131276,0.0036342189622131276,Higher feature value associated with higher churn probability
std_og_mou_pct_change_7_to_8,0.0036014798424139623,0.0036014798424139623,Higher feature value associated with higher churn probability
loc_ic_mou_pct_change_6_to_8,-0.0028207743935241055,0.0028207743935241055,Higher feature value associated with lower churn probability
roam_ic_mou_change_6_to_8,0.002244583329839063,0.002244583329839063,Higher feature value associated with higher churn probability
roam_ic_mou_pct_change_7_to_8,-0.0018417019489651897,0.0018417019489651897,Higher feature value associated with lower churn probability
std_ic_mou_pct_change_6_to_8,0.0012011730659764823,0.0012011730659764823,Higher feature value associated with higher churn probability
std_ic_mou_change_6_to_8,-0.0008949595304839299,0.0008949595304839299,Higher feature value associated with lower churn probability
std_ic_mou_std_6_8,0.0002725111899865672,0.0002725111899865672,Higher feature value associated with higher churn probability
