scenario_id,scenario_name,risk_level,customers,total_monthly_exposure_inr,expected_retained_revenue_horizon_inr,intervention_cost_inr,expected_net_value_inr,scenario_roi
high_touch,High-Touch Retention,Below Primary Threshold,57507,224775.6786679506,1348654.0720077034,28753500.0,-27404845.927992295,-0.9530960031993425
high_touch,High-Touch Retention,High,6340,286939.6432160318,1721637.8592961908,3170000.0,-1448362.1407038092,-0.456896574354514
high_touch,High-Touch Retention,Very High,6152,264492.91999832884,1586957.5199899732,3076000.0,-1489042.4800100268,-0.4840840312126225
low_touch,Low-Touch Retention,Below Primary Threshold,57507,224775.6786679506,539461.6288030815,5750700.0,-5211238.371196918,-0.906192006398685
low_touch,Low-Touch Retention,High,6340,286939.6432160318,688655.1437184764,634000.0,54655.14371847638,0.0862068512909722
low_touch,Low-Touch Retention,Very High,6152,264492.91999832884,634783.0079959893,615200.0,19583.007995989257,0.03183193757475497
targeted,Targeted Retention,Below Primary Threshold,57507,224775.6786679506,944057.8504053924,14376750.0,-13432692.149594607,-0.9343344044790796
targeted,Targeted Retention,High,6340,286939.6432160318,1205146.5015073335,1585000.0,-379853.49849266646,-0.23965520409631955
targeted,Targeted Retention,Very High,6152,264492.91999832884,1110870.263992981,1538000.0,-427129.73600701895,-0.2777176436976716
